track_name,genre,artist(s)_name,artist_count,released_year,in_spotify_playlists,in_spotify_charts,streams,in_apple_charts,in_deezer_charts,in_shazam_charts,Pop,Latin pop,Hip hop,Reggaeton,R&B,Rap,Rock,K-Pop,Soul,Dance pop,Others
Seven (feat. Latto) (Explicit Ver.),"UK garage, Pop","Latto, Jung Kook",2,2023,553,147,141.381.703,263,10,826,,,,,,,,,,,
LALA,Reggaeton,Myke Towers,1,2023,1474,48,133.716.286,126,14,382,,,,,,,,,,,
vampire,"Pop, Pop-Rock",Olivia Rodrigo,1,2023,1397,113,140.003.974,207,14,949,,,,,,,,,,,
Cruel Summer,Pop,Taylor Swift,1,2019,7858,100,800.840.817,207,12,548,,,,,,,,,,,
WHERE SHE GOES,"Latin pop trap , Reggaeton, electronica",Bad Bunny,1,2023,3133,50,303.236.322,133,15,425,,,,,,,,,,,
Sprinter,"Hip hop, Rap","Dave, Central Cee",2,2023,2186,91,183.706.234,213,17,946,,,,,,,,,,,
Ella Baila Sola,"Reggaeton, Latin pop","Eslabon Armado, Peso Pluma",2,2023,3090,50,725.980.112,222,13,418,,,,,,,,,,,
Columbia,Reggaeton,Quevedo,1,2023,714,43,58.149.378,89,13,194,,,,,,,,,,,
fukumean,"Hip hop, Rap",Gunna,1,2023,1096,83,95.217.315,210,11,953,,,,,,,,,,,
La Bebe - Remix,"Reggaeton, Latin pop trap","Peso Pluma, Yng Lvcas",2,2023,2953,44,553.634.067,110,13,339,,,,,,,,,,,
un x100to,"Reggaeton, Latin pop trap","Bad Bunny, Grupo Frontera",2,2023,2876,40,505.671.438,205,12,251,,,,,,,,,,,
Super Shy,"K-Pop, Dance pop, R&B",NewJeans,1,2023,422,55,58.255.150,202,5,168,,,,,,,,,,,
Flowers,"Pop, Dance pop",Miley Cyrus,1,2023,12211,115,1.316.855.716,215,58,1.021,,,,,,,,,,,
Daylight,"Rock, Pop",David Kushner,1,2023,3528,98,387.570.742,156,24,1.281,,,,,,,,,,,
As It Was,"Pop, Pop-Rock",Harry Styles,1,2022,23575,130,2.513.188.493,198,46,,,,,,,,,,,,
Kill Bill,"R&B, soul",SZA,1,2022,8109,77,1.163.093.654,162,12,187,,,,,,,,,,,
Cupid - Twin Ver.,"K-Pop, Dance pop",Fifty Fifty,1,2023,2942,77,496.795.686,212,6,0,,,,,,,,,,,
"What Was I Made For? [From The Motion Picture ""Barbie""]",Pop,Billie Eilish,1,2023,873,104,30.546.883,227,24,1.173,,,,,,,,,,,
Classy 101,"Pop, Latin pop, Reggaeton","Feid, Young Miko",2,2023,2610,40,335.222.234,100,14,187,,,,,,,,,,,
Like Crazy,"K-Pop, Pop",Jimin,1,2023,596,68,363.369.738,104,2,29,,,,,,,,,,,
LADY GAGA,"Latin pop, Reggaeton","Gabito Ballesteros, Junior H, Peso Pluma",3,2023,332,26,86.444.842,163,4,0,,,,,,,,,,,
I Can See You (Taylor’s Version) [From The Vault],"Pop, country Pop",Taylor Swift,1,2023,516,38,52.135.248,119,1,150,,,,,,,,,,,
I Wanna Be Yours,"Rock, Pop-Rock",Arctic Monkeys,1,2013,12859,110,1.297.026.226,98,2,73,,,,,,,,,,,
"Peso Pluma: Bzrp Music Sessions, Vol. 55","Latin pop, Rap","Bizarrap, Peso Pluma",2,2023,1313,40,200.647.221,152,11,139,,,,,,,,,,,
Popular (with Playboi Carti & Madonna) - The Idol Vol. 1 (Music from the HBO Original Series),"Pop, electronica","The Weeknd, Madonna, Playboi Carti",3,2023,1945,87,115.364.561,182,14,1.093,,,,,,,,,,,
SABOR FRESA,"Latin pop, corridos",Fuerza Regida,1,2023,250,26,78.300.654,149,5,168,,,,,,,,,,,
Calm Down (with Selena Gomez),"Pop, R&B","Rema, Selena G",2,2022,7112,77,899.183.384,119,38,96,,,,,,,,,,,
MOJABI GHOST,"Latin pop, Reggaeton","Tainy, Bad Bunny",2,2023,859,40,61.245.289,109,14,211,,,,,,,,,,,
Last Night,country Pop,Morgan Wallen,1,2023,2420,19,429.829.812,107,1,325,,,,,,,,,,,
Dance The Night (From Barbie The Album),"Pop, Dance pop",Dua Lipa,1,2023,2988,101,127.408.954,0,38,0,,,,,,,,,,,
Rush,Pop,Troye Sivan,1,2023,864,78,22.581.161,135,1,294,,,,,,,,,,,
TULUM,"Latin pop, Reggaeton","Peso Pluma, Grupo Frontera",2,2023,266,34,52.294.266,185,8,197,,,,,,,,,,,
Creepin',"Hip hop, Rap, R&B","The Weeknd, 21 Savage, Metro Boomin",3,2022,6036,88,843.957.510,149,23,27,,,,,,,,,,,
Anti-Hero,"Pop, Pop-Rock, synth-Pop",Taylor Swift,1,2022,9082,56,999.748.277,142,9,310,,,,,,,,,,,
TQG,"Latin pop, Reggaeton","Karol G, Shakira",2,2023,4284,49,618.990.393,123,18,354,,,,,,,,,,,
Los del Espacio,"Latin pop, Reggaeton","Big One, Duki, Lit Killah, Maria Becerra, FMK, Rusherking, Emilia, Tiago pzk",8,2023,1150,31,123.122.413,33,7,184,,,,,,,,,,,
Fragil (feat. Grupo Frontera),"Latin pop, Reggaeton","Yahritza Y Su Esencia, Grupo Frontera",2,2023,672,34,188.933.502,108,9,212,,,,,,,,,,,
Blank Space,Pop,Taylor Swift,1,2014,11434,53,1.355.959.075,123,2,81,,,,,,,,,,,
Style,"Pop, Pop-Rock, synth-Pop",Taylor Swift,1,2014,7830,42,786.181.836,111,4,82,,,,,,,,,,,
TQM,"Latin pop, corridos",Fuerza Regida,1,2023,584,28,176.553.476,159,6,100,,,,,,,,,,,
El Azul,"Latin pop trap, Reggaeton, corridos","Junior H, Peso Pluma",2,2023,692,25,354.495.408,107,3,62,,,,,,,,,,,
Sunflower - Spider-Man: Into the Spider-Verse,"Pop, Hip hop, Rap","Post Malone, Swae Lee",2,2018,24094,78,2.808.096.550,117,4,69,,,,,,,,,,,
I'm Good (Blue),"Pop, dance, EDM","Bebe Rexha, David Guetta",2,2022,12482,80,1.109.433.169,184,45,727,,,,,,,,,,,
See You Again,"Hip hop, Rap, R&B","Tyler, The Creator, Kali Uchis",3,2017,13387,64,1.047.101.291,58,1,311,,,,,,,,,,,
Barbie World (with Aqua) [From Barbie The Album],"R&B, hip hop, Rap","Nicki Minaj, Aqua, Ice Spice",3,2023,1117,80,65.156.199,145,16,1.133,,,,,,,,,,,
Angels Like You,"Pop, Pop-Rock",Miley Cyrus,1,2020,3372,19,570.515.054,48,1,102,,,,,,,,,,,
I Ain't Worried,"Pop, Pop-Rock",OneRepublic,1,2022,8431,76,1.085.685.420,127,37,332,,,,,,,,,,,
Die For You,"R&B, Pop",The Weeknd,1,2016,2483,59,1.647.990.401,21,0,259,,,,,,,,,,,
Starboy,"R&B, electroPop","The Weeknd, Daft Punk",2,2016,29536,79,2.565.529.693,137,1,140,,,,,,,,,,,
Die For You - Remix,"R&B, Pop","Ariana Grande, The Weeknd",2,2023,3408,47,518.745.108,86,1,16,,,,,,,,,,,
El Cielo,"Latin pop, Reggaeton","Feid, Myke Towers, Sky Rompiendo",3,2023,1298,38,107.753.850,64,10,110,,,,,,,,,,,
Baby Don't Hurt Me,"Pop, dance, EDM","David Guetta, Anne-Marie, Coi Leray",3,2023,4277,66,177.740.666,111,11,810,,,,,,,,,,,
AMARGURA,"Pop, Latin pop, Reggaeton",Karol G,1,2023,1133,39,153.372.011,71,10,176,,,,,,,,,,,
(It Goes Like) Nanana - Edit,"electronic, dance",Peggy Gou,1,2023,2259,59,57.876.440,0,17,0,,,,,,,,,,,
Another Love,"Pop, indie Pop",Tom Odell,1,2012,18371,83,1.813.673.666,122,19,,,,,,,,,,,,
Blinding Lights,"R&B, Hip hop, Rap, electroPop",The Weeknd,1,2019,43899,69,3.703.895.074,199,20,,,,,,,,,,,,
Moonlight,"R&B, soul",Kali Uchis,1,2023,2649,42,256.483.385,79,1,615,,,,,,,,,,,
La Bachata,Latin pop,Manuel Turizo,1,2022,6804,45,1.214.083.358,111,15,210,,,,,,,,,,,
S91,"Latin pop trap, Reggaeton",Karol G,1,2023,525,41,16.011.326,115,6,216,,,,,,,,,,,
cardigan,"Pop, folk-Pop",Taylor Swift,1,2020,7923,29,812.019.557,112,4,215,,,,,,,,,,,
Ta OK,"Latin pop, funk carioca","dennis, MC Kevin o Chris",2,2023,731,15,111.947.664,17,4,167,,,,,,,,,,,
Boy's a liar Pt. 2,"Pop, Dance pop","PinkPantheress, Ice Spice",2,2023,5184,41,156.338.624,84,14,37,,,,,,,,,,,
Left and Right (Feat. Jung Kook of BTS),"Pop, electronica, dance","Charlie Puth, BTS, Jung Kook",3,2022,3107,39,720.434.240,0,0,0,,,,,,,,,,,
BESO,Pop,"Rauw Alejandro, ROSALiA",2,2023,4053,50,357.925.728,121,12,171,,,,,,,,,,,
Hey Mor,"Latin pop, Pop, Reggaeton","Ozuna, Feid",2,2022,4637,38,674.072.710,79,11,16,,,,,,,,,,,
Yellow,"Indie folk, indie Pop, folk-Pop",Chris Molitor,1,1999,31358,43,1.755.214.421,2,5,0,,,,,,,,,,,
Karma,"Pop, Pop-Rock, dance",Taylor Swift,1,2022,3818,23,404.562.836,55,0,272,,,,,,,,,,,
People,"Pop, electroPop",Libianca,1,2022,3506,56,373.199.958,64,8,529,,,,,,,,,,,
Overdrive,"Pop, Pop-Rock",Post Malone,1,2023,410,36,14.780.425,32,1,26,,,,,,,,,,,
Enchanted (Taylor's Version),"Pop, Rock, country",Taylor Swift,1,2023,148,24,39.578.178,93,2,5,,,,,,,,,,,
BABY HELLO,"Latin pop, trap, EDM, electroPop","Rauw Alejandro, Bizarrap",2,2023,1004,35,54.266.102,80,3,169,,,,,,,,,,,
Heat Waves,"Rock, Pop",Glass Animals,1,2020,22543,63,2.557.975.762,144,28,,,,,,,,,,,,
golden hour,"Pop, indie Pop",JVKE,1,2022,4511,36,751.134.527,58,18,230,,,,,,,,,,,
Sweater Weather,Rock,The Neighbourhood,1,2012,16413,61,2.282.771.485,87,1,,,,,,,,,,,,
"Quevedo: Bzrp Music Sessions, Vol. 52","Latin pop, Rap","Bizarrap, Quevedo",2,2022,8506,45,1.356.565.093,65,14,176,,,,,,,,,,,
Viva La Vida,"Pop, Rock",Coldplay,1,2008,33898,62,1.592.909.789,0,9,0,,,,,,,,,,,
Here With Me,"Pop, electronic",d4vd,1,2022,3246,23,635.412.045,85,1,84,,,,,,,,,,,
Unholy (feat. Kim Petras),"electroPop, EDM, Dance pop","Sam Smith, Kim Petras",2,2022,8576,42,1.230.675.890,108,26,154,,,,,,,,,,,
Yandel 150,"Latin pop, Reggaeton","Yandel, Feid",2,2022,3618,38,585.695.368,74,14,194,,,,,,,,,,,
CORAZON VACIO,"Latin pop, Reggaeton",Maria Becerra,1,2023,370,20,43.857.627,16,4,93,,,,,,,,,,,
Riptide,"Indie folk, folk-Pop, Rock",Vance Joy,1,1975,31123,55,2.009.094.673,65,1,0,,,,,,,,,,,
Until I Found You (with Em Beihold) - Em Beihold Version,"Pop, soul","Em Beihold, Stephen Sanchez",2,2022,2790,30,600.976.848,96,0,115,,,,,,,,,,,
NOVIDADE NA AREA,Latin pop,"Mc Livinho, DJ Matt D",2,2023,267,9,39.709.092,6,2,72,,,,,,,,,,,
Back To December (Taylor's Version),"Pop, country Pop",Taylor Swift,1,2023,139,17,39.228.929,72,0,8,,,,,,,,,,,
STAY (with Justin Bieber),"electroPop, Rap, Pop-Rock","Justin Bieber, The Kid Laroi",2,2021,17050,36,2.665.343.922,99,31,0,,,,,,,,,,,
El Merengue,"Pop, Latin pop, EDM","Marshmello, Manuel Turizo",2,2023,2114,44,223.633.238,75,11,323,,,,,,,,,,,
Someone You Loved,"Pop, Pop-Rock",Lewis Capaldi,1,2018,17836,53,2.887.241.814,125,0,,,,,,,,,,,,
Me Porto Bonito,"Latin pop, Reggaeton","Chencho Corleone, Bad Bunny",2,2022,8870,43,1.440.757.818,120,26,49,,,,,,,,,,,
Makeba,"dance, Pop",Jain,1,2015,6060,53,165.484.133,148,22,1.451,,,,,,,,,,,
MONTAGEM - FR PUNK,"electronic, dance.","Ayparia, unxbected",2,2012,641,50,58.054.811,52,0,1.17,,,,,,,,,,,
Fast Car,country,Luke Combs,1,2023,1446,12,157.058.870,97,0,429,,,,,,,,,,,
What It Is (Solo Version),"Hip hop, Rap",Doechii,1,2023,804,25,95.131.998,76,0,162,,,,,,,,,,,
Coco Chanel,"Latin pop, Reggaeton","Bad Bunny, Eladio Carrion",2,2023,1962,38,250.305.248,89,5,82,,,,,,,,,,,
Don’t Blame Me,"Pop, electroPop",Taylor Swift,1,2017,4875,23,685.032.533,45,0,10,,,,,,,,,,,
Still With You,"K-Pop, ballad",Jung Kook,1,2020,31,39,38.411.956,107,0,0,,,,,,,,,,,
All My Life (feat. J. Cole),"Hip hop, Rap","J. Cole, Lil Durk",2,2023,2175,23,144.565.150,145,2,478,,,,,,,,,,,
Say Yes To Heaven,"ballad, Pop",Lana Del Rey,1,2023,2000,46,127.567.540,105,1,0,,,,,,,,,,,
Snooze,"R&B, soul",SZA,1,2022,2839,25,399.686.758,156,1,236,,,,,,,,,,,
Summertime Sadness,"Pop, indie Pop",Lana Del Rey,1,2011,20333,52,983.637.508,143,3,200,,,,,,,,,,,
Take Two,"K-Pop, Pop",BTS,1,2023,674,47,118.482.347,106,4,78,,,,,,,,,,,
Lover,"Pop, country Pop",Taylor Swift,1,2012,8448,23,882.831.184,110,0,5,,,,,,,,,,,
Too Many Nights (feat. Don Toliver & with Future),"Hip hop, Rap","Future, Metro Boomin, Don Toliver",3,2022,2110,58,286.400.165,119,2,266,,,,,,,,,,,
Chemical,"indie Pop, Hip hop",Post Malone,1,2023,2528,39,172.825.906,91,3,486,,,,,,,,,,,
Mockingbird,"Hip hop, Rap",Eminem,1,2004,12985,61,1.241.559.043,98,5,204,,,,,,,,,,,
New Jeans,"K-Pop, Pop",NewJeans,1,2023,77,35,29.562.220,166,4,34,,,,,,,,,,,
Primera Cita,"country, soul, Latin pop",Carin Leon,1,2022,266,27,77.309.611,40,6,202,,,,,,,,,,,
Cold Heart - PNAU Remix,"Pop, Dance pop","Dua Lipa, Elton John, Pnau",3,2017,21097,52,1.605.224.506,135,37,312,,,,,,,,,,,
Dandelions,Pop,Ruth B.,1,2017,3423,21,1.116.995.633,100,1,32,,,,,,,,,,,
Bones,"Rock, Pop",Imagine Dragons,1,2021,4198,44,838.079.900,108,17,153,,,,,,,,,,,
Set Fire to the Rain,"Pop, soul",Adele,1,2011,14739,43,1.163.620.694,112,5,519,,,,,,,,,,,
Money Trees,"Hip hop, Rap","Kendrick Lamar, Jay Rock",2,2012,26792,32,1.093.605.526,113,0,458,,,,,,,,,,,
Tak Segampang Itu,"Pop, Pop-Rock",Anggi Marito,1,2022,213,6,179.659.294,6,0,48,,,,,,,,,,,
LAGUNAS,"Latin pop, Reggaeton",Peso Pluma & Jasiel Nunez ,2,2023,58,18,39.058.561,106,2,184,,,,,,,,,,,
Mine (Taylor's Version),"Pop, country Pop",Taylor Swift,1,2023,99,15,36.912.123,52,1,0,,,,,,,,,,,
Everybody Wants To Rule The World,"Pop, Pop-Rock",Tears For Fears,1,1985,41751,25,1.205.951.614,32,0,666,,,,,,,,,,,
No Role Modelz,"Hip hop, Rap",J. Cole,1,2014,21164,36,1.791.000.570,65,0,14,,,,,,,,,,,
Tattoo,"Pop, dance",Loreen,1,2023,2988,59,201.660.859,102,18,925,,,,,,,,,,,
Rara Vez,"Latin pop, Reggaeton","Taiu, Milo j",2,2023,893,38,248.088.961,23,3,88,,,,,,,,,,,
,,"Sebastian Yatra, Manuel Turizo, Beele",3,2023,1094,34,90.839.753,58,8,203,,,,,,,,,,,
august,"Pop, ballad",Taylor Swift,1,2020,7324,22,607.123.776,81,1,44,,,,,,,,,,,
LUNA,"Latin pop, Reggaeton","Junior H, Peso Pluma",2,2023,201,11,55.842.345,117,1,74,,,,,,,,,,,
Miracle (with Ellie Goulding),"electroPop, EDM, Dance pop","Calvin Harris, Ellie Goulding",2,2023,5120,48,211.050.784,115,9,638,,,,,,,,,,,
Nonsense,"Pop, R&B",Sabrina Carpenter,1,2022,2346,27,342.897.938,12,8,64,,,,,,,,,,,
Que Vuelvas,"Latin pop, banda","Carin Leon, Grupo Frontera",2,2022,763,26,2.762,110,9,71,,,,,,,,,,,
Por las Noches,"Latin pop, Reggaeton",Peso Pluma,1,2021,457,24,330.346.424,116,3,2,,,,,,,,,,,
Feliz Cumpleanos Ferxxo,"Latin pop, Reggaeton",Feid,1,2022,3430,38,601.863.821,69,4,3,,,,,,,,,,,
Can't Hold Us (feat. Ray Dalton),"Hip hop, Rap","Ray Dalton, Ryan Lewis, Macklemore",3,2011,6074,52,1.953.533.826,44,2,0,,,,,,,,,,,
Watermelon Sugar,"Pop, indie Pop, Rock",Harry Styles,1,2019,21915,34,2.322.580.122,115,12,,,,,,,,,,,,
lovely - Bonus Track,"Pop, indie Pop","Billie Eilish, Khalid",2,2017,15032,30,2.355.719.893,96,2,136,,,,,,,,,,,
"Rauw Alejandro: Bzrp Music Sessions, Vol. 56",Latin pop trap,"Rauw Alejandro, Bizarrap",2,2023,871,32,66.902.503,59,5,88,,,,,,,,,,,
Queencard,"K-Pop, Dance pop",(G)I-DLE,1,2023,451,33,96.273.746,126,0,148,,,,,,,,,,,
OMG,"K-Pop, Hip hop, R&B",NewJeans,1,2023,1783,27,430.977.451,124,1,22,,,,,,,,,,,
Radio,"Pop, indie Pop",Lana Del Rey,1,2011,9389,46,284.819.874,122,3,368,,,,,,,,,,,
"Shakira: Bzrp Music Sessions, Vol. 53","electroPop, EDM, Dance pop","Shakira, Bizarrap",2,2023,5724,44,721.975.598,108,29,22,,,,,,,,,,,
505,"indie Pop, Rock",Arctic Monkeys,1,2007,13985,25,1.217.120.710,80,1,1,,,,,,,,,,,
"Calling (Spider-Man: Across the Spider-Verse) (Metro Boomin & Swae Lee, NAV, feat. A Boogie Wit da Hoodie)","Hip hop, Rap","Swae Lee, A Boogie Wit da Hoodie, Metro Boomin, NAV",4,2023,1051,16,109.276.132,37,0,189,,,,,,,,,,,
Trance (with Travis Scott & Young Thug),"Hip hop, Rap","Travis Scott, Young Thug, Metro Boomin",3,2022,1682,46,276.259.178,90,1,176,,,,,,,,,,,
"Tere Vaaste (From ""Zara Hatke Zara Bachke"")",Pop,"Sachin-Jigar, Shadab Faridi, Altamash Faridi, Amitabh Bhattacharya, Varun Jain",5,2023,182,8,54.225.632,88,0,52,,,,,,,,,,,
Perfect,Pop,Ed Sheeran,1,2017,16596,13,2.559.529.074,0,0,0,,,,,,,,,,,
Romantic Homicide,"Pop, Pop-Rock",d4vd,1,2022,2335,23,681.583.126,55,0,9,,,,,,,,,,,
Believer,"Rock, Pop-Rock",Imagine Dragons,1,2017,18986,23,2.594.040.133,121,10,31,,,,,,,,,,,
Novo Balanco,"Latin pop, Rap","Veigh, Bvga Beatz, Supernova Ent, Prod Malax",4,2023,283,7,81.102.253,9,1,66,,,,,,,,,,,
"Gol Bolinha, Gol Quadrado 2","Latin pop, funk brasileiro","Mc Pedrinho, DJ 900",2,2023,293,8,11.956.641,2,2,66,,,,,,,,,,,
Without Me,"Hip hop, Rap",Eminem,1,2002,21081,43,1.687.664.027,76,5,0,,,,,,,,,,,
QUEMA,"Latin pop, Reggaeton","Sog, Ryan Castro, Peso Pluma",3,2023,437,31,11.599.388,29,3,208,,,,,,,,,,,
Stargirl Interlude,"R&B, Pop","The Weeknd, Lana Del Rey",2,2016,1275,32,611.700.552,8,0,1,,,,,,,,,,,
Ojitos Lindos,"Latin pop, Reggaeton",Bad Bunny & Bomba Estereo,2,2022,6135,38,1.133.865.788,113,13,28,,,,,,,,,,,
Somewhere Only We Know,Pop-Rock,Keane,1,2004,20015,16,1.089.402.494,69,0,558,,,,,,,,,,,
Those Eyes,country,New West,1,2019,1507,14,411.747.614,71,1,195,,,,,,,,,,,
El Gordo Trae El Mando,"Latin pop, Reggaeton",Chino Pacas,1,2023,539,21,255.932.395,71,2,13,,,,,,,,,,,
Mi Bello Angel,"Latin pop, Rap",Natanael Cano,1,2023,86,8,31.873.544,76,1,93,,,,,,,,,,,
Bye,"Latin pop, Reggaeton",Peso Pluma,1,2023,324,14,95.053.634,110,2,60,,,,,,,,,,,
Danza Kuduro,Latin pop Pop,"Don Omar, Lucenzo",2,2010,17138,37,1.279.434.863,81,1,503,,,,,,,,,,,
Nosso Quadro,Latin pop,"Ana Castela, AgroPlay",2,2023,894,9,233.801.632,88,3,72,,,,,,,,,,,
Locked Out Of Heaven,"Pop, Pop-Rock",Bruno Mars,1,2012,1622,9,1.481.349.984,0,0,0,,,,,,,,,,,
Un Finde | CROSSOVER 2,Reggaeton,"Big One, FMK, Ke personajes",3,2023,561,14,142.095.275,14,5,56,,,,,,,,,,,
Jimmy Cooks (feat. 21 Savage),"Hip hop, Rap","Drake, 21 Savage",2,2022,5871,27,618.885.532,121,1,34,,,,,,,,,,,
Counting Stars,"Pop, Pop-Rock",OneRepublic,1,2013,29215,43,2.011.464.183,97,11,153,,,,,,,,,,,
Ghost,"Pop, R&B",Justin Bieber,1,2021,5866,24,1.167.330.737,38,0,,,,,,,,,,,,
Under The Influence,"R&B, Pop",Chris Brown,1,2019,3859,26,929.964.809,181,0,,,,,,,,,,,,
PRC,"Latin pop, corridos","Natanael Cano, Peso Pluma",2,2023,961,26,436.027.885,143,6,15,,,,,,,,,,,
Gasolina,"Latin pop, Reggaeton",Daddy Yankee,1,2004,6457,18,657.723.613,95,0,454,,,,,,,,,,,
One Dance,"Hip hop, Rap, dance","Drake, WizKid, Kyla",3,2016,43257,24,2.713.922.350,107,0,26,,,,,,,,,,,
Enchanted,"country Pop, Pop-Rock",Taylor Swift,1,2010,4564,16,621.660.989,101,0,40,,,,,,,,,,,
Save Your Tears,"R&B, Pop",The Weeknd,1,2020,12688,13,1.591.223.784,115,0,200,,,,,,,,,,,
Sure Thing,"R&B, soul",Miguel,1,2010,13801,19,950.906.471,125,6,285,,,,,,,,,,,
Every Breath You Take - Remastered 2003,soft Rock,The Police,1,1983,22439,19,1.593.270.737,74,0,129,,,,,,,,,,,
The Night We Met,"indie Rock, folk",Lord Huron,1,2015,18515,35,1.410.088.830,82,1,162,,,,,,,,,,,
We Found Love,"Pop, Dance pop","Rihanna, Calvin Harris",2,2011,36843,21,1.235.005.533,91,1,58,,,,,,,,,,,
When I Was Your Man,"Pop, R&B",Bruno Mars,1,2012,2420,11,1.661.187.319,0,0,0,,,,,,,,,,,
Let Me Down Slowly,"Pop, soul",Alec Benjamin,1,2018,5897,19,1.374.581.173,0,0,0,,,,,,,,,,,
"Am I Dreaming (Metro Boomin & A$AP Rocky, Roisee)","Hip hop, Rap","ASAP Rocky, Metro Boomin, Roisee",3,2023,727,16,94.186.466,60,1,44,,,,,,,,,,,
Do I Wanna Know?,indie Rock,Arctic Monkeys,1,2013,33783,26,1.788.326.445,92,1,26,,,,,,,,,,,
Demons,"Pop, Rock",Imagine Dragons,1,2012,26694,13,1.840.364.617,82,4,13,,,,,,,,,,,
Umi no Manimani,"J-Pop, electroPop",YOASOBI,1,2023,356,16,143.573.775,102,1,117,,,,,,,,,,,
Reminder,"R&B, Pop",The Weeknd,1,2016,6518,17,684.675.814,85,1,47,,,,,,,,,,,
Shake It Off,"Pop, Dance pop",Taylor Swift,1,2014,21335,13,1.113.838.873,70,9,20,,,,,,,,,,,
Why'd You Only Call Me When You're High?,indie Rock,Arctic Monkeys,1,2013,23389,29,1.267.333.350,70,2,1,,,,,,,,,,,
SNAP,"Pop, R&B",Rosa Linn,1,2022,3202,18,726.307.468,80,24,0,,,,,,,,,,,
Shape of You,"Pop, dance",Ed Sheeran,1,2017,32181,10,3.562.543.890,0,7,0,,,,,,,,,,,
Night Changes,"Pop, soft Rock, R&B",One Direction,1,2014,7124,18,1.131.090.940,20,0,,,,,,,,,,,,
Fin de Semana,"Latin pop, Reggaeton","Oscar Maydon, Junior H",2,2023,592,14,307.370.144,84,1,30,,,,,,,,,,,
Creep,"Rock, soul",Radiohead,1,1992,36724,7,1.271.293.243,72,5,80,,,,,,,,,,,
Car's Outside,"Pop, Pop-Rock",James Arthur,1,2019,794,10,265.882.712,25,0,263,,,,,,,,,,,
Apocalypse,indie Pop,Cigarettes After Sex,1,2017,13091,17,841.749.534,96,2,116,,,,,,,,,,,
Cheques,"Latin pop, Reggaeton",Shubh,1,2023,67,8,47.956.378,10,0,57,,,,,,,,,,,
Pink + White,"R&B, soul",Frank Ocean,1,2016,21574,30,806.397.070,68,1,39,,,,,,,,,,,
Circles,"Pop, Hip hop, soft Rock",Post Malone,1,2019,19664,16,2.132.335.812,73,3,37,,,,,,,,,,,
Just The Way You Are,"Pop, soft Rock, R&B",Bruno Mars,1,2010,21106,13,1.641.426.668,0,0,0,,,,,,,,,,,
Take Me To Church,"indie Rock, soul",Hozier,1,2013,23804,31,2.135.158.446,99,1,0,,,,,,,,,,,
Bebe Dame,"Latin pop, corridos","Fuerza Regida, Grupo Frontera",2,2022,849,22,367.316.268,129,7,111,,,,,,,,,,,
You Belong With Me (Taylor's Version),"Pop, country Pop",Taylor Swift,1,2021,2619,12,350.381.515,90,0,7,,,,,,,,,,,
Titi Me Pregunto,"Latin pop, Reggaeton",Bad Bunny,1,2022,9037,42,1.264.310.836,133,14,166,,,,,,,,,,,
Better Than Revenge (Taylor's Version),"Pop, Pop-Rock",Taylor Swift,1,2023,86,11,30.343.206,33,0,1,,,,,,,,,,,
Shut up My Moms Calling,"Hip hop, Rap",Hotel Ugly,1,2020,1788,14,405.136.812,50,0,19,,,,,,,,,,,
Have You Ever Seen The Rain?,Rock,Creedence Clearwater Revival,1,1968,15890,14,1.145.727.611,37,0,167,,,,,,,,,,,
Es un Secreto,Reggaeton,Plan B,1,2010,492,36,540.654.286,3,0,0,,,,,,,,,,,
POLARIS - Remix,"Latin pop, Reggaeton","Feid, Mora, Saiko, Quevedo",4,2023,773,33,57.312.735,46,8,99,,,,,,,,,,,
Ditto,"K-Pop, Dance pop, Pop Rock, Pop",NewJeans,1,2022,1154,22,397.582.059,125,1,51,,,,,,,,,,,
Take On Me,Pop,a-ha,1,1984,44927,17,1.479.115.056,0,6,0,,,,,,,,,,,
"Annihilate (Spider-Man: Across the Spider-Verse) (Metro Boomin & Swae Lee, Lil Wayne, Offset)","Hip hop, Rap","Swae Lee, Lil Wayne, Offset, Metro Boomin",4,2023,551,4,86.773.632,46,1,10,,,,,,,,,,,
"Angel Pt 1 (feat. Jimin of BTS, JVKE & Muni Long)","Hip hop, Rap","Kodak Black, NLE Choppa, Muni Long, JVKE, Jimin",5,2023,577,14,133.753.727,18,1,0,,,,,,,,,,,
Acrostico,"Latin pop, Pop, Reggaeton",Shakira,1,2023,955,29,123.124.076,50,11,31,,,,,,,,,,,
AMG,"Latin pop, corridos","Natanael Cano, Gabito Ballesteros, Peso Pluma",3,2022,995,19,463.564.958,117,5,3,,,,,,,,,,,
"Phir Aur Kya Chahiye (From ""Zara Hatke Zara Bachke"")","bollywood, indian Pop","Arijit Singh, Sachin-Jigar, Amitabha Bhattacharya",3,2023,178,6,64.533.040,71,0,31,,,,,,,,,,,
S-Class,"K-Pop, Hip hop",Stray Kids,1,2023,290,19,65.496.046,101,0,73,,,,,,,,,,,
Hits Different,"Pop, Pop-Rock",Taylor Swift,1,2023,547,0,68.616.963,15,0,0,,,,,,,,,,,
Chanel,"Latin pop, Reggaeton","Becky G, Peso Pluma",2,2023,681,10,161.460.990,92,2,26,,,,,,,,,,,
Self Love (Spider-Man: Across the Spider-Verse) (Metro Boomin & Coi Leray),"Hip hop, Rap","Metro Boomin, Coi Leray",2,2023,332,5,70.106.975,41,0,19,,,,,,,,,,,
Area Codes,"Hip hop, Rap, R&B","Kaliii, Kaliii",2,2023,1197,13,113.509.496,34,1,171,,,,,,,,,,,
Abcdario,Pop,,2,2023,262,5,89.933.133,60,1,109,,,,,,,,,,,
Obsessed,indian Pop,"Abhijay Sharma, Riar Saab",2,2022,161,6,71.007.139,79,0,42,,,,,,,,,,,
Pisman Degilim,"Rap, Pop",Semicenk & Dosu Swag,2,2023,185,3,43.522.589,6,1,33,,,,,,,,,,,
FLOWER,"K-Pop, ballad",JISOO,1,2023,839,18,232.896.922,110,0,69,,,,,,,,,,,
"All The Way Live (Spider-Man: Across the Spider-Verse) (Metro Boomin & Future, Lil Uzi Vert)","Hip hop, Rap","Future, Lil Uzi Vert, Metro Boomin",3,2023,259,0,37.126.685,17,0,0,,,,,,,,,,,
Eyes Closed,"Pop, folk-Pop",Ed Sheeran,1,2023,2915,30,195.576.623,69,3,675,,,,,,,,,,,
Escapism.,"Pop, R&B","RAYE, 070 Shake",2,2022,5129,25,532.336.353,84,18,348,,,,,,,,,,,
La Jumpa,"Latin pop, Reggaeton","Arcangel, Bad Bunny",2,2022,3794,34,538.115.192,77,10,8,,,,,,,,,,,
Karma (feat. Ice Spice),"Pop, Pop-Rock","Taylor Swift, Ice Spice",2,2023,588,0,46.142.772,21,0,0,,,,,,,,,,,
Superhero (Heroes & Villains) [with Future & Chris Brown],"Hip hop, Rap","Future, Chris Brown, Metro Boomin",3,2022,2959,16,401.036.314,69,0,36,,,,,,,,,,,
Las Morras,"Latin pop, Reggaeton","BLESSD, Peso Pluma",2,2023,291,8,127.026.613,78,1,1,,,,,,,,,,,
CHORRITO PA LAS ANIMAS,"Latin pop, Reggaeton",Feid,1,2022,2321,36,345.031.710,65,5,3,,,,,,,,,,,
Ch y la Pizza,"Latin pop, corridos","Fuerza Regida, Natanael Cano",2,2022,536,10,288.101.651,72,3,14,,,,,,,,,,,
Snow On The Beach (feat. More Lana Del Rey),"Pop, indie Pop","Lana Del Rey, Taylor Swift",2,2023,359,2,60.350.538,0,0,0,,,,,,,,,,,
Players,"Hip hop, Rap",Coi Leray,1,2022,4096,6,335.074.782,48,0,240,,,,,,,,,,,
Bite Me,"K-Pop, Dance pop",ENHYPEN,1,2023,349,69,76.767.396,96,0,56,,,,,,,,,,,
Stand By Me (feat. Morgan Wallen),"Hip hop, Rap","Lil Durk, Morgan Wallen",2,2023,381,5,46.065.667,82,0,113,,,,,,,,,,,
Normal,"Latin pop, Reggaeton",Feid,1,2022,2461,36,459.276.435,66,5,6,,,,,,,,,,,
Hummingbird (Metro Boomin & James Blake),"electronic, Hip hop","James Blake, Metro Boomin",2,2023,277,1,39.666.245,20,0,1,,,,,,,,,,,
Seu Brilho Sumiu - Ao Vivo,"Latin pop, sertanejo","Israel & Rodolffo, Mari Fernandez",2,2023,967,5,138.517.666,29,1,29,,,,,,,,,,,
Bad Habit,"R&B, soul",Steve Lacy,1,2022,8186,12,822.633.917,72,16,29,,,,,,,,,,,
CUFF IT,"R&B, hip hop",Beyonce,1,2022,7842,10,595.900.742,88,26,23,,,,,,,,,,,
Lilith (feat. SUGA of BTS) (Diablo IV Anthem),"Pop, electronic","Halsey, Suga",2,2023,215,6,51.985.779,14,2,4,,,,,,,,,,,
69,"Latin pop, Reggaeton","Nicky Jam, Feid",2,2023,1134,22,57.945.987,14,2,3,,,,,,,,,,,
Nina Bonita,"Latin pop, Reggaeton","Sean Paul, Feid",2,2023,1305,34,115.010.040,26,5,44,,,,,,,,,,,
Search & Rescue,"Hip hop, Rap",Drake,1,2023,2066,6,175.097.833,70,0,182,,,,,,,,,,,
AMERICA HAS A PROBLEM (feat. Kendrick Lamar),"R&B, hip hop",Beyonce,2,2023,896,0,57.089.066,2,0,1,,,,,,,,,,,
Lavender Haze,"Pop, indie Pop",Taylor Swift,1,2022,3763,8,488.386.797,43,10,1,,,,,,,,,,,
"Link Up (Metro Boomin & Don Toliver, Wizkid feat. BEAM & Toian) - Spider-Verse Remix (Spider-Man: Across the Spider-Verse )","Hip hop, Rap","WizKid, Toian, Metro Boomin, Don Toliver, Beam",5,2023,197,0,32.761.689,10,0,0,,,,,,,,,,,
Efecto,"Latin pop, Reggaeton",Bad Bunny,1,2022,4004,33,1.047.480.053,65,6,2,,,,,,,,,,,
Erro Gostoso - Ao Vivo,"Latin pop, sertanejo",Simone Mendes,1,2023,984,5,153.454.328,57,2,49,,,,,,,,,,,
Cupido,"Latin pop, Pop",Tini,1,2023,1240,24,217.672.943,29,4,54,,,,,,,,,,,
Just Wanna Rock,"Hip hop, Rap",Lil Uzi Vert,1,2022,3995,13,457.184.829,27,0,0,,,,,,,,,,,
Unstoppable,"Pop, Dance pop",Sia,1,2016,7681,13,939.844.851,66,2,,,,,,,,,,,,
Until I Found You,"indie Pop, folk",Stephen Sanchez,1,2021,4427,4,726.434.358,100,20,438,,,,,,,,,,,
Rich Flex,"Hip hop, Rap","Drake, 21 Savage",2,2022,4657,18,573.633.020,84,0,23,,,,,,,,,,,
Easy On Me,"Pop, soul",Adele,1,2021,10195,20,1.406.111.294,87,22,9,,,,,,,,,,,
Cartao Black,Latin pop,"MC Caverinha, KayBlack",2,2023,269,4,71.573.339,2,1,11,,,,,,,,,,,
Danger (Spider) (Offset & JID),"Hip hop, Rap","Offset, JID",2,2023,214,0,24.975.653,3,0,0,,,,,,,,,,,
Oi Balde - Ao Vivo,sertanejo,,1,2023,845,2,145.458.418,57,1,33,,,,,,,,,,,
The Real Slim Shady,"Hip hop, Rap",Eminem,1,2000,20763,27,1.424.589.568,53,1,17,,,,,,,,,,,
MERCHO,"Latin pop, Rap","Migrantes, LiL CaKe, Nico Valdi",3,2022,1267,20,231.332.117,22,4,84,,,,,,,,,,,
The Color Violet,"Hip hop, R&B",Tory Lanez,1,2021,2585,32,415.932.686,79,1,54,,,,,,,,,,,
Glimpse of Us,"Pop, R&B",Joji,1,2022,6330,6,988.515.741,42,3,31,,,,,,,,,,,
Mejor Que Yo,"Latin pop, Reggaeton","Mambo Kingz, DJ Luian, Anuel Aa",3,2023,675,1,50.847.624,13,0,1,,,,,,,,,,,
Curtains,"Pop, folk",Ed Sheeran,1,2023,715,0,39.893.489,3,0,50,,,,,,,,,,,
UNFORGIVEN (feat. Nile Rodgers),"K-Pop, Dance pop","Nile Rodgers, LE SSERAFIM",2,2023,327,13,92.035.115,110,0,49,,,,,,,,,,,
Haegeum,"Hip hop, Rap",Agust D,1,2023,244,12,118.810.253,84,2,9,,,,,,,,,,,
Conexoes de Mafia,"Latin pop, Rap",Matuê,2,2023,385,4,77.233.241,7,1,29,,,,,,,,,,,
MIENTRAS ME CURO DEL CORA,"Latin pop, Reggaeton",Karol G,1,2023,1020,35,206.399.629,26,6,0,,,,,,,,,,,
Never Felt So Alone,"electroPop, soul",Labrinth,1,2023,1730,3,117.747.907,5,0,20,,,,,,,,,,,
X SI VOLVEMOS,Reggaeton,"Karol G, Romeo Santos",2,2023,2127,33,266.624.541,80,8,4,,,,,,,,,,,
ceilings,"folk-Pop, Pop",Lizzy McAlpine,1,2022,3242,9,293.186.992,55,0,6,,,,,,,,,,,
Cupid,"K-Pop, Dance pop",Fifty Fifty,1,2023,526,10,139.681.964,93,0,320,,,,,,,,,,,
I AM,"K-Pop, Dance pop, R&B",IVE,1,2023,366,15,123.132.751,102,0,55,,,,,,,,,,,
Cupid – Twin Ver. (FIFTY FIFTY),"K-Pop, Dance pop",sped up 8282,1,1997,472,2,103.762.518,0,0,0,,,,,,,,,,,
Shorty Party,"Latin pop, Hip hop","Cartel De Santa, La Kelly",2,2023,432,12,162.887.075,14,2,33,,,,,,,,,,,
Super,"K-Pop, Pop",SEVENTEEN,1,2023,271,12,91.221.625,103,0,55,,,,,,,,,,,
Slut Me Out,"Hip hop, Rap",NLE Choppa,1,2022,816,4,190.490.915,4,0,4,,,,,,,,,,,
Double Fantasy (with Future),"Pop, electronic, R&B","The Weeknd, Future",2,2023,1169,0,96.180.277,65,0,0,,,,,,,,,,,
All Of The Girls You Loved Before,"Pop, country Pop",Taylor Swift,1,2019,1282,6,185.240.616,6,0,5,,,,,,,,,,,
PROVENZA,"Latin pop, Reggaeton",Karol G,1,2022,6587,34,885.093.467,104,11,20,,,,,,,,,,,
Princess Diana (with Nicki Minaj),"Hip hop, Rap","Nicki Minaj, Ice Spice",2,2023,1444,4,104.992.946,0,0,0,,,,,,,,,,,
Di Que Si,Latin pop,"Grupo Marca Registrada, Grupo Frontera",2,2023,356,10,147.290.338,64,2,37,,,,,,,,,,,
Shivers,Pop,Ed Sheeran,1,2021,10147,30,1.302.184.087,71,18,,,,,,,,,,,,
Igualito a Mi Apa,"Latin pop, corridos","Fuerza Regida, Peso Pluma",2,2022,265,6,158.950.978,84,1,4,,,,,,,,,,,
Shoong! (feat. LISA of BLACKPINK),"K-Pop, Hip hop, R&B","TAEYANG, Lisa",2,2023,351,9,76.910.644,90,0,64,,,,,,,,,,,
Komang,"electroPop, Pop",Raim Laode,1,2022,158,4,137.123.880,6,1,18,,,,,,,,,,,
DESPECHA,"Latin pop, flamenco",ROSALIA,1,2022,7613,33,782.369.383,90,15,55,,,,,,,,,,,
Made You Look,"Pop, R&B",Meghan Trainor,1,2022,3956,6,502.574.952,23,3,16,,,,,,,,,,,
Watch This - ARIZONATEARS Pluggnb Remix,"Hip hop, trap","sped up nightcore, ARIZONATEARS, Lil Uzi Vert",3,2023,1638,10,207.033.255,0,0,0,,,,,,,,,,,
No Se Va,Latin pop,Grupo Frontera,1,2022,924,18,404.887.295,80,9,38,,,,,,,,,,,
Punto G,"Latin pop, Reggaeton",Quevedo,1,2022,1985,35,381.161.027,26,5,1,,,,,,,,,,,
Lovers Rock,"indie Pop, dream Pop",TV Girl,1,2014,6339,13,466.231.982,1,1,37,,,,,,,,,,,
METAMORPHOSIS,"electronic, synth Pop",INTERWORLD,1,2021,1561,24,357.580.552,78,0,30,,,,,,,,,,,
Mami Chula,"Latin pop, Reggaeton","Quevedo, Jhayco",2,2023,875,4,61.105.704,13,0,43,,,,,,,,,,,
En Paris,"Latin pop, Reggaeton","El Chachito, Junior H",2,2022,406,5,198.275.403,31,1,0,,,,,,,,,,,
Set Me Free Pt.2,"K-Pop, R&B",Jimin,1,2023,340,13,168.448.603,71,1,9,,,,,,,,,,,
I Was Never There,"R&B, electronic","The Weeknd, Gesaffelstein",2,2018,4188,15,705.469.769,70,0,27,,,,,,,,,,,
Don't ever say love me (feat. RM of BTS),"K-Pop, R&B","RM, Colde",2,2023,105,0,34.502.215,9,0,0,,,,,,,,,,,
Shut Down,"K-Pop, Hip hop",BLACKPINK,1,2022,1524,17,482.175.240,120,0,2,,,,,,,,,,,
Gato de Noche,"Latin pop, Reggaeton","Nengo Flow, Bad Bunny",2,2022,2651,30,304.118.600,55,3,0,,,,,,,,,,,
Call Out My Name,"R&B, Pop",The Weeknd,1,2018,11087,6,1.449.799.467,107,1,105,,,,,,,,,,,
Like Crazy (English Version),"K-Pop, R&B",Jimin,1,2023,373,19,173.627.354,72,0,5,,,,,,,,,,,
Rosa Pastel,"Latin pop, Reggaeton","Peso Pluma, Jasiel Nunez",2,2023,200,4,90.025.258,77,1,1,,,,,,,,,,,
Sunroof,"Pop, R&B","Nicky Youre, Dazy",2,2021,3741,17,652.704.649,35,19,0,,,,,,,,,,,
Lose Yourself - Soundtrack Version,"Hip hop, Rap",Eminem,1,2002,32502,21,1.829.992.958,54,1,51,,,,,,,,,,,
Superman,"Hip hop, Rap","Eminem, Dina Rae",2,2002,7615,14,655.466.831,51,0,0,,,,,,,,,,,
Mas Rica Que Ayer,"Latin pop, Reggaeton","Mambo Kingz, DJ Luian, Anuel Aa",3,2023,1208,34,146.409.671,41,0,1,,,,,,,,,,,
People Pt.2 (feat. IU),"K-Pop, Hip hop, Pop","IU, Agust D",2,2023,209,4,95.816.024,45,2,24,,,,,,,,,,,
REMIX EXCLUSIVO,"Latin pop, Reggaeton",Feid,1,2023,1235,9,117.206.995,8,0,6,,,,,,,,,,,
"Arcangel: Bzrp Music Sessions, Vol. 54","Latin pop trap, Pop, Rap","Arcangel, Bizarrap",2,2023,654,3,100.409.613,3,1,1,,,,,,,,,,,
DOGTOOTH,"Hip hop, Rap","Tyler, The Creator",2,2023,1479,0,80.758.350,0,0,33,,,,,,,,,,,
10:35,"electronic, Dance pop",Tiesto & Tate McRae,2,2022,4942,26,325.592.432,104,18,63,,,,,,,,,,,
SORRY NOT SORRY,"Hip hop, Rap","Tyler, The Creator",2,2023,709,0,58.473.276,1,0,0,,,,,,,,,,,
HAPPY,"Hip hop, Rap",NF,1,2023,660,0,52.722.996,7,0,78,,,,,,,,,,,
La Bebe,"Latin pop, Reggaeton",Yng Lvcas,1,2021,489,17,191.945.597,11,1,2,,,,,,,,,,,
I Know - PR1SVX Edit,"electronic, dance, Hip hop, R&B","Kanii, PR1ISVX",2,2023,407,0,77.377.503,15,0,1,,,,,,,,,,,
Late Night Talking,"Pop, Rock",Harry Styles,1,2022,7461,8,743.693.613,42,16,58,,,,,,,,,,,
Leao ,"Latin pop, sertanejo",Marilia Mendonca,1,2022,993,4,267.789.608,84,1,28,,,,,,,,,,,
Save Your Tears (with Ariana Grande) (Remix),"Pop, R&B, synth Pop","Ariana Grande, The Weeknd",2,2020,9161,5,1.221.813.483,98,3,10,,,,,,,,,,,
Something in the Orange,"country, folk",Zach Bryan,1,2022,3282,12,449.701.773,84,16,117,,,,,,,,,,,
VOID,electroPop,Melanie Martinez,1,2023,596,0,67.070.410,9,0,52,,,,,,,,,,,
Dijeron Que No La Iba Lograr,"Latin pop, corridos","Fuerza Regida, Chino Pacas",2,2023,320,6,116.334.601,48,1,9,,,,,,,,,,,
Midnight Rain,Pop,Taylor Swift,1,2022,2612,4,433.356.509,29,0,0,,,,,,,,,,,
If We Ever Broke Up,"Pop, R&B",Mae Stephens,1,2023,2040,4,165.584.767,27,9,444,,,,,,,,,,,
You Proof,country,Morgan Wallen,1,2022,2128,9,367.814.306,88,0,14,,,,,,,,,,,
LA INOCENTE,"Latin pop, Reggaeton","Feid, Mora",2,2022,2598,37,477.033.549,57,8,85,,,,,,,,,,,
Malas Decisiones,"Latin pop, Pop",Kenia OS,1,2022,542,2,156.214.700,2,0,0,,,,,,,,,,,
Murder In My Mind,"Hip hop, Rap",Kordhell,1,2022,2459,20,448.843.705,68,0,22,,,,,,,,,,,
Gangsta's Paradise,"Hip hop, Rap","Coolio, L.V.",2,1995,10624,17,1.357.608.774,0,0,,,,,,,,,,,,
CAIRO,"Latin pop, Reggaeton","Karol G, Ovy On The Drums",2,2022,2418,26,294.352.144,66,1,16,,,,,,,,,,,
I Love You So,indie Pop,The Walters,1,2014,7536,7,972.164.968,19,0,6,,,,,,,,,,,
Dark Red,"indie Pop, R&B",Steve Lacy,1,2017,10431,7,920.045.682,53,0,10,,,,,,,,,,,
Say You Won't Let Go,"Pop, soul",James Arthur,1,2016,15722,16,2.420.461.338,37,0,13,,,,,,,,,,,
The Hills,"R&B, trap, electronic",The Weeknd,1,2015,25744,4,1.947.371.785,94,0,18,,,,,,,,,,,
Heart To Heart,"indie Pop, folk",Mac DeMarco,1,2019,1640,0,244.658.767,27,1,1,,,,,,,,,,,
Peaches (from The Super Mario Bros. Movie),Pop ballad,Jack Black,1,2023,34,0,68.216.992,0,0,0,,,,,,,,,,,
Marisola - Remix,"Latin pop, Rap","Duki, NICKI NICOLE, Cris Mj, Standly, Stars Music Chile",5,2022,1845,16,223.582.566,8,2,0,,,,,,,,,,,
LOKERA,"Latin pop, Reggaeton","Brray, Rauw Alejandro, Lyanno",3,2022,3301,30,471.819.764,64,6,3,,,,,,,,,,,
Low,"R&B, soul",SZA,1,2022,1911,0,272.377.463,71,0,9,,,,,,,,,,,
Numb,Rock,Linkin Park,1,2003,20111,5,1.361.425.037,0,0,0,,,,,,,,,,,
Tormenta (feat. Bad Bunny),"Pop, Latin pop, Reggaeton","Gorillaz, Bad Bunny",2,2023,1529,0,149.778.242,18,2,0,,,,,,,,,,,
on the street (with J. Cole),"K-Pop, Hip hop, Rap","j-hope, J. Cole",2,2023,615,2,116.599.790,82,0,9,,,,,,,,,,,
One Thing At A Time,country Pop,Morgan Wallen,1,2022,811,4,148.469.433,58,0,21,,,,,,,,,,,
Miss You,"electronic, Dance pop","Robin Schulz, Oliver Tree",2,2022,5730,10,497.225.336,16,3,165,,,,,,,,,,,
Ain’t That Some,country,Morgan Wallen,1,2023,356,4,88.791.109,20,0,0,,,,,,,,,,,
thinkin' bout me,country,Morgan Wallen,1,2023,604,6,125.917.280,101,0,66,,,,,,,,,,,
Private Landing (feat. Justin Bieber & Future),"Hip hop, Rap","Don Toliver, Future, Justin Bieber",3,2023,1190,0,105.062.254,3,0,19,,,,,,,,,,,
Everything I Love,country,Morgan Wallen,1,2023,579,0,95.623.148,54,0,103,,,,,,,,,,,
Heaven,"Pop, Pop-Rock",Niall Horan,1,2023,1553,2,144.584.800,6,0,150,,,,,,,,,,,
LET GO,"Hip hop, Rap",Central Cee,1,2022,2301,20,298.063.749,23,0,8,,,,,,,,,,,
Sial,Pop ballad,Mahalini,1,2023,134,4,166.570.053,6,0,23,,,,,,,,,,,
I Wrote The Book,country,Morgan Wallen,1,2023,430,0,83.021.468,17,0,0,,,,,,,,,,,
"Apna Bana Le (From ""Bhediya"")",Reggaeton,"Arijit Singh, Sachin-Jigar",2,2022,86,0,139.836.056,101,0,48,,,,,,,,,,,
SPIT IN MY FACE!,"R&B, hip hop, Rap",ThxSoMch,1,2022,629,14,303.216.294,3,0,0,,,,,,,,,,,
PLAYA DEL INGLeS,"Latin pop, Reggaeton","Myke Towers, Quevedo",2,2022,1701,15,221.409.663,15,2,47,,,,,,,,,,,
Man Made A Bar (feat. Eric Church),country,"Morgan Wallen, Eric Church",2,2023,329,0,58.890.931,35,0,0,,,,,,,,,,,
Red Ruby Da Sleeze,"Hip hop, Rap",Nicki Minaj,1,2023,1168,0,81.419.389,11,0,21,,,,,,,,,,,
Kahani Suno 2.0,Pop,Kaifi Khalil,1,2022,162,6,156.777.415,10,0,1,,,,,,,,,,,
Nobody Gets Me,"R&B, soul",SZA,1,2022,2536,6,284.908.316,100,13,2,,,,,,,,,,,
PERO Tu,"Latin pop, Reggaeton","Karol G, Quevedo",2,2023,387,11,93.438.910,15,3,1,,,,,,,,,,,
Hype Boy,"K-Pop, Hip hop, Pop",NewJeans,1,2022,892,17,363.472.647,119,2,7,,,,,,,,,,,
Bloody Mary,"Pop, Dance pop",Lady Gaga,1,2011,3909,0,372.476.382,26,3,734,,,,,,,,,,,
Monotonia,"Latin pop, Reggaeton","Ozuna, Shakira",2,2022,3645,15,380.726.517,34,4,19,,,,,,,,,,,
Wasted On You,country,Morgan Wallen,1,2023,282,0,56.533.272,15,0,0,,,,,,,,,,,
WANDA,"Hip hop, Rap",Quevedo,1,2023,888,22,175.399.345,24,1,7,,,,,,,,,,,
Thought You Should Know,country,Morgan Wallen,1,2022,968,4,203.221.468,53,0,61,,,,,,,,,,,
In The End,"Pop, Rock, Rap",Linkin Park,1,2000,25065,6,1.624.165.576,0,2,0,,,,,,,,,,,
Zona De Perigo,Pop,Leo Santana,1,2022,531,4,134.294.498,1,2,0,,,,,,,,,,,
Lovezinho,"Latin pop, Pop",Treyce,1,2022,242,0,70.069.745,2,0,4,,,,,,,,,,,
I Like You (A Happier Song) (with Doja Cat),"Pop, R&B","Post Malone, Doja Cat",2,2022,5281,14,609.293.408,21,15,38,,,,,,,,,,,
Neverita,"Latin pop, Reggaeton",Bad Bunny,1,2022,2590,30,671.365.962,64,6,0,,,,,,,,,,,
Vista Al Mar,"Latin pop, Pop",Quevedo,1,2022,1769,34,362.361.576,19,3,4,,,,,,,,,,,
Sem Alianca no Dedo,Latin pop,"MC Xenon, Os Gemeos da Putaria",2,2022,454,4,93.587.665,1,0,1,,,,,,,,,,,
Enemy (with JID) - from the series Arcane League of Legends,"Hip hop, Rap","Imagine Dragons, League of Legends, JID, Arcane",4,2021,6180,7,1.223.481.149,88,21,10,,,,,,,,,,,
Revenge,"Hip hop, Rap",XXXTENTACION,1,2017,3600,11,1.022.258.230,0,0,2,,,,,,,,,,,
Bombonzinho - Ao Vivo,"Latin pop, sertanejo","Israel & Rodolffo, Ana Castela",2,2022,1254,6,263.453.310,69,2,6,,,,,,,,,,,
LA CANCIoN,"Latin pop, Reggaeton","J Balvin, Bad Bunny",2,2019,6398,31,1.435.127.549,109,3,5,,,,,,,,,,,
Que Agonia,"Latin pop, Pop","Yuridia, Angela Aguilar",2,2022,660,15,236.857.112,59,5,52,,,,,,,,,,,
Love Again,"Pop, R&B",The Kid Laroi,1,2023,1283,0,147.538.971,4,0,0,,,,,,,,,,,
After Hours,"Pop, R&B",The Weeknd,1,2020,8084,6,698.086.140,115,1,221,,,,,,,,,,,
About Damn Time,"Pop, Hip hop",Lizzo,1,2022,2332,2,723.894.473,0,0,0,,,,,,,,,,,
Born With A Beer In My Hand,country,Morgan Wallen,1,2023,203,0,34.450.974,9,0,0,,,,,,,,,,,
grace,"J-Pop, Rock",Fujii Kaze,1,2020,685,14,403.097.450,94,0,23,,,,,,,,,,,
Besos Moja2,"Latin pop, Reggaeton","Wisin & Yandel, ROSALiA",2,2022,2460,13,309.483.971,7,3,1,,,,,,,,,,,
Maan Meri Jaan,indian Pop,King,1,2022,288,6,319.566.866,80,0,8,,,,,,,,,,,
Moscow Mule,"Latin pop, Reggaeton",Bad Bunny,1,2022,4572,33,909.001.996,113,9,2,,,,,,,,,,,
My Universe,"K-Pop, Pop, Pop-Rock","Coldplay, BTS",2,2021,6127,13,1.061.966.512,0,0,0,,,,,,,,,,,
Devil Don’t Know,country,Morgan Wallen,1,2023,166,0,32.526.947,10,0,0,,,,,,,,,,,
LLYLM,Pop,ROSALiA,1,2023,1838,0,124.988.687,41,1,59,,,,,,,,,,,
I'm Not Here To Make Friends,"Pop, Dance pop","Sam Smith, Calvin Harris, Jessie Reyez",3,2023,1890,0,103.787.664,1,0,9,,,,,,,,,,,
TRUSTFALL,"Pop, Pop-Rock",P!nk,1,2023,2098,16,134.255.790,24,7,451,,,,,,,,,,,
ANTIFRAGILE,"K-Pop, EDM",LE SSERAFIM,1,2022,761,12,301.051.721,95,0,3,,,,,,,,,,,
Boy's a liar,"Pop, indie Pop",PinkPantheress,1,2022,1225,0,156.338.624,0,13,0,,,,,,,,,,,
VIBE (feat. Jimin of BTS),"K-Pop, R&B","TAEYANG, Jimin",2,2023,415,2,152.850.295,40,1,15,,,,,,,,,,,
Shirt,"R&B, soul",SZA,1,2022,3469,0,309.653.982,95,0,2,,,,,,,,,,,
Lift Me Up - From Black Panther: Wakanda Forever - Music From and Inspired By,"R&B, Pop",Rihanna,1,2022,3311,0,297.328.960,31,1,41,,,,,,,,,,,
STAR WALKIN' (League of Legends Worlds Anthem),"Hip hop, Rap",Lil Nas X,1,2022,2616,0,332.506.354,17,0,192,,,,,,,,,,,
"Sex, Drugs, Etc.","indie Rock , Hip hop",Beach Weather,1,2016,3006,16,480.507.035,60,12,124,,,,,,,,,,,
Boy With Luv (feat. Halsey),"K-Pop, Dance pop, EDM","Halsey, BTS",2,2019,4260,0,1.065.580.332,92,0,1,,,,,,,,,,,
"Hey, Mickey!","Pop, Hip hop",Baby Tate,1,2016,482,0,122.763.672,1,4,3,,,,,,,,,,,
Calm Down,Pop,Rema,1,2022,4013,10,445.763.624,44,22,,,,,,,,,,,,
Jhoome Jo Pathaan,"bollywood, indian Pop","Arijit Singh, Vishal Dadlani, Sukriti Kakar, Vishal-Shekhar, Shekhar Ravjiani, Kumaar",6,2022,138,4,1.365.184,78,0,0,,,,,,,,,,,
Escapism. - Sped Up,"Pop, R&B","RAYE, 070 Shake",2,2022,1368,0,184.308.753,1,0,8,,,,,,,,,,,
Space Song,"indie Rock, dream Pop",Beach House,1,2015,17852,4,789.753.877,76,0,,,,,,,,,,,,
Dreamers [Music from the FIFA World Cup Qatar 2022 Official Soundtrack],"Latin pop Pop, Reggaeton","BTS, Jung Kook, FIFA Sound",3,2022,889,20,323.358.833,78,0,21,,,,,,,,,,,
Te Felicito,"Latin pop, Pop","Shakira, Rauw Alejandro",2,2022,4796,9,606.361.689,66,13,1,,,,,,,,,,,
,"electronic, Dance pop","Steve Aoki, Tini, La Joaqui",3,2023,658,6,120.972.253,7,2,0,,,,,,,,,,,
TV,"Pop, electroPop",Billie Eilish,1,2022,3009,2,338.564.981,89,0,25,,,,,,,,,,,
I'm Not The Only One,"Pop, soul",Sam Smith,1,2014,17492,3,1.606.986.953,24,0,30,,,,,,,,,,,
Heather,"Pop, indie Pop",Conan Gray,1,2020,6170,7,1.301.799.902,1,0,2,,,,,,,,,,,
"Besharam Rang (From ""Pathaan"")","bollywood, indian Pop","Vishal-Shekhar, Shilpa Rao, Caralisa Monteiro, Kumaar, Vishal Dadlani, Shekhar Ravjiani",6,2022,130,4,140.187.018,79,0,0,,,,,,,,,,,
One Kiss (with Dua Lipa),"EDM, Dance pop","Calvin Harris, Dua Lipa",2,2017,27705,10,1.897.517.891,122,6,,,,,,,,,,,,
Sugar Rush Ride,"K-Pop, Dance pop",TOMORROW X TOGETHER,1,2023,359,0,107.642.809,56,0,13,,,,,,,,,,,
Pink Venom,"K-Pop, Dance pop, Hip hop",BLACKPINK,1,2022,1963,16,551.305.895,119,1,13,,,,,,,,,,,
WAIT FOR U (feat. Drake & Tems),"Pop, Hip hop, R&B","Drake, Future, Tems",3,2022,5491,14,556.585.270,84,0,35,,,,,,,,,,,
Don't Start Now,"Pop, Dance pop",Dua Lipa,1,2019,27119,0,2.303.033.973,77,3,8,,,,,,,,,,,
After Dark,"electronic, synth Pop",Mr.Kitty,1,2014,1776,14,646.886.885,9,0,0,,,,,,,,,,,
Eu Gosto Assim - Ao Vivo,"Latin pop, sertanejo","Gustavo Mioto, Mari Fernandez",2,2022,1473,4,222.612.678,64,1,4,,,,,,,,,,,
INDUSTRY BABY (feat. Jack Harlow),"Hip hop, Rap","Jack Harlow, Lil Nas X",2,2021,13315,0,1.814.349.763,47,0,,,,,,,,,,,,
MIDDLE OF THE NIGHT,"Pop, electronic",Elley Duhe,1,2020,4057,8,872.137.015,21,1,52,,,,,,,,,,,
Atlantis,"Pop, folk-Pop",Seafret,1,2015,3045,6,571.386.359,53,1,32,,,,,,,,,,,
PUNTO 40,"Latin pop, Reggaeton","Baby Rasta, Rauw Alejandro",2,2022,3006,12,304.079.786,32,2,0,,,,,,,,,,,
Evoque Prata,Latin pop,"DJ Escobar, MC MENOR SG, MC MENOR HR",3,2022,852,0,174.006.928,1,0,0,,,,,,,,,,,
How Do I Say Goodbye,"Pop, soul",Dean Lewis,1,2022,2163,15,284.785.823,97,0,154,,,,,,,,,,,
Blind,"R&B, soul",SZA,1,2022,1484,0,163.284.000,51,0,0,,,,,,,,,,,
Die For You,"R&B, indie Pop",Joji,1,2022,1703,0,246.390.068,45,16,0,,,,,,,,,,,
Doja,"Hip hop, Rap",Central Cee,1,2022,4169,44,482.257.456,44,1,11,,,,,,,,,,,
Gatita,"Latin pop Pop, Reggaeton",Bellakath,1,2022,1054,0,168.684.524,0,0,1,,,,,,,,,,,
Rumble,"electronic, Dance pop","Skrillex, Flowdan, Fred again..",3,2022,2849,0,78.489.819,45,0,1,,,,,,,,,,,
Niagara Falls (Foot or 2) [with Travis Scott & 21 Savage],"Hip hop, Rap","Travis Scott, 21 Savage, Metro Boomin",3,2022,1602,0,195.516.622,22,0,2,,,,,,,,,,,
Yonaguni,"Latin pop, Reggaeton",Bad Bunny,1,2021,9644,28,1.260.594.497,86,4,0,,,,,,,,,,,
Super Freaky Girl,"Hip hop, Rap",Nicki Minaj,1,2022,4827,0,428.685.680,17,9,2,,,,,,,,,,,
Running Up That Hill (A Deal With God),synth Pop,Kate Bush,1,1985,21811,0,1.024.858.327,1,3,0,,,,,,,,,,,
Dream On,"Rock, country",Aerosmith,1,1973,168,0,838.586.769,0,0,0,,,,,,,,,,,
Limbo,Hip hop,Freddie Dredd,1,2022,688,0,199.386.237,1,0,2,,,,,,,,,,,
Where Are You Now,"electronic, dance","Lost Frequencies, Calum Scott",2,2021,10565,44,972.509.632,122,17,58,,,,,,,,,,,
WORTH NOTHING,Pop,"Twisted, Oliver Tree",2,2022,1612,0,213.438.580,54,0,2,,,,,,,,,,,
Bad Habits,"Pop, Dance pop",Ed Sheeran,1,2020,12755,8,1.555.511.105,97,15,,,,,,,,,,,,
KICK BACK,"J-Pop, Rock",Kenshi Yonezu,1,2022,574,4,210.038.833,101,0,0,,,,,,,,,,,
Evergreen (You Didn't Deserve Me At All),"R&B, indie Pop",Omar Apollo,1,2022,2499,0,227.918.678,0,0,0,,,,,,,,,,,
Good Days,"R&B, soul",SZA,1,2020,10426,2,826.623.384,109,1,10,,,,,,,,,,,
Levitating (feat. DaBaby),"Pop, Dance pop","Dua Lipa, DaBaby",2,2020,15894,8,1.802.514.301,13,0,60,,,,,,,,,,,
Woman,"Pop, R&B",Doja Cat,1,2021,9424,0,1.329.090.101,50,4,,,,,,,,,,,,
Shut up My Moms Calling - (Sped Up),"Hip hop, Rap",Hotel Ugly,1,2022,713,7,181.831.132,4,0,0,,,,,,,,,,,
Ferrari,"electronic, dance","James Hype, Miggy Dela Rosa",2,2022,7758,28,462.791.599,79,0,168,,,,,,,,,,,
"You're On Your Own, Kid",Pop,Taylor Swift,1,2022,2537,2,348.647.203,18,0,1,,,,,,,,,,,
"Kesariya (From ""Brahmastra"")","bollywood, indian Pop","Pritam, Arijit Singh, Amitabh Bhattacharya",3,2022,292,6,366.599.607,98,0,0,,,,,,,,,,,
Agudo Magico 3,electronic,"Styrx, utku INC, Thezth",3,1930,323,0,90.598.517,0,0,0,,,,,,,,,,,
Payphone,"Pop, R&B, Pop-Rock","Maroon 5, Wiz Khalifa",2,2012,14143,4,1.479.264.469,38,1,,,,,,,,,,,,
All I Want for Christmas Is You,"Pop, soul, christmas",Mariah Carey,1,1994,25653,0,1.449.779.435,132,0,,,,,,,,,,,,
Last Christmas,"Pop, synth-Pop, christmas",Wham!,1,1984,22153,0,1.159.176.109,111,0,,,,,,,,,,,,
Rockin' Around The Christmas Tree,"Rock, Pop, christmas",Brenda Lee,1,1958,14994,0,769.213.520,168,0,,,,,,,,,,,,
Jingle Bell Rock,"Pop, counrty, Rock, christmas",Bobby Helms,1,1957,10326,0,741.301.563,99,0,,,,,,,,,,,,
It's Beginning To Look A Lot Like Christmas,"Pop, jazz.christmas",Michael Buble ,1,2011,12353,0,807.561.936,0,0,0,,,,,,,,,,,
Santa Tell Me,"Pop, christmas",Ariana Grande,1,2013,9408,0,834.129.063,106,0,,,,,,,,,,,,
It's the Most Wonderful Time of the Year,"Pop, christmas",Andy Williams,1,1963,8879,0,663.832.097,107,0,1,,,,,,,,,,,
Let It Snow! Let It Snow! Let It Snow!,"Pop, christmas",Dean Martin,1,1959,6512,0,446.390.129,1,0,0,,,,,,,,,,,
Snowman,"Pop, christmas",Sia,1,2017,5140,0,690.104.769,110,0,,,,,,,,,,,,
Underneath the Tree,Pop,Kelly Clarkson,1,2013,6596,0,485.285.717,99,0,0,,,,,,,,,,,
Feliz Navidad,Latin pop,Jose Feliciano ,1,1970,3788,0,520.034.544,3,0,0,,,,,,,,,,,
Holly Jolly Christmas,Pop,Michael Buble ,1,2011,7655,0,476.244.795,0,0,0,,,,,,,,,,,
Mistletoe,Pop,Justin Bieber,1,2011,9577,0,629.173.063,111,0,0,,,,,,,,,,,
Sleigh Ride,Pop,The Ronettes,1,1963,10114,0,404.664.135,74,0,0,,,,,,,,,,,
Seek & Destroy,"R&B, Soul",SZA,1,2022,1007,0,98.709.329,31,0,0,,,,,,,,,,,
Love Language,"R&B, Soul",SZA,1,2022,1127,0,110.849.052,63,0,0,,,,,,,,,,,
Happy Xmas (War Is Over),Pop,"John Lennon, The Harlem Community Choir, The Plastic Ono Band, Yoko Ono",4,1971,10829,0,460.492.795,1,0,0,,,,,,,,,,,
Used (feat. Don Toliver),"R&B, Soul","SZA, Don Toliver",2,2022,1042,0,94.005.786,29,0,0,,,,,,,,,,,
A Holly Jolly Christmas - Single Version,Pop,Burl Ives,1,1952,7930,0,395.591.396,120,0,0,,,,,,,,,,,
The Christmas Song (Merry Christmas To You) - Remastered 1999,Pop,Nat King Cole,1,1946,11500,0,389.771.964,72,0,0,,,,,,,,,,,
Wonderful Christmastime - Edited Version / Remastered 2011,Pop,Paul McCartney,1,1979,1685,0,403.939.487,0,0,0,,,,,,,,,,,
Do They Know It's Christmas? - 1984 Version,Pop,Band Aid,1,1984,14169,0,481.697.415,30,0,0,,,,,,,,,,,
Ghost in the Machine (feat. Phoebe Bridgers),"R&B, Soul","SZA, Phoebe Bridgers",2,2022,1634,0,110.073.250,20,0,0,,,,,,,,,,,
Special,"R&B, Soul",SZA,1,2022,906,0,88.092.256,21,0,0,,,,,,,,,,,
Merry Christmas Everyone,Pop,Shakin' Stevens,1,1984,1087,0,351.636.786,35,0,0,,,,,,,,,,,
Let It Snow! Let It Snow! Let It Snow!,Pop,"Frank Sinatra, B. Swanson Quartet",2,1950,10585,0,473.248.298,108,0,0,,,,,,,,,,,
SOS,"R&B, Soul",SZA,1,2022,827,0,73.981.293,18,0,0,,,,,,,,,,,
Open Arms (feat. Travis Scott),"R&B, Soul","SZA, Travis Scott",2,2022,1420,4,155.653.938,87,0,46,,,,,,,,,,,
White Christmas,Pop,"Bing Crosby, John Scott Trotter & His Orchestra, Ken Darby Singers",3,1942,11940,0,395.591.396,79,0,0,,,,,,,,,,,
Driving Home for Christmas - 2019 Remaster,Pop,Chris Rea,1,1986,888,0,429.504.768,0,0,0,,,,,,,,,,,
Christmas (Baby Please Come Home),Pop,Darlene Love,1,1963,9122,0,242.767.149,58,0,0,,,,,,,,,,,
Gone Girl,"R&B, Soul",SZA,1,2022,892,0,65.362.788,17,0,0,,,,,,,,,,,
F2F,"R&B, Soul",SZA,1,2022,989,0,67.540.165,9,0,0,,,,,,,,,,,
Notice Me,"R&B, Soul",SZA,1,2022,819,0,62.019.074,22,0,0,,,,,,,,,,,
Merry Christmas,Pop,"Ed Sheeran, Elton John",2,2017,2209,0,135.723.538,90,0,0,,,,,,,,,,,
It's Beginning to Look a Lot Like Christmas (with Mitchell Ayres & His Orchestra),Pop,"Perry Como, The Fontane Sisters, Mitchell Ayres & His Orchestra",3,1958,6290,0,295.998.468,39,0,0,,,,,,,,,,,
My Only Wish (This Year),Pop,Britney Spears,1,2000,6952,0,261.116.938,53,0,0,,,,,,,,,,,
Antidepresan,Pop,"Mabel Matiz, Mert Demir",2,2022,313,2,136.689.549,6,1,9,,,,,,,,,,,
Wild Flower (with youjeen),Pop,RM,1,2022,353,2,135.611.421,74,0,2,,,,,,,,,,,
I Hate U,"R&B, Soul",SZA,1,2021,4094,0,356.709.897,96,0,0,,,,,,,,,,,
Raindrops (Insane) [with Travis Scott],"R&B, Soul","Travis Scott, Metro Boomin",2,2022,880,0,110.649.992,7,0,0,,,,,,,,,,,
SPIT IN MY FACE!,Pop,ThxSoMch,1,2022,573,0,301.869.854,0,0,24,,,,,,,,,,,
Deck The Hall - Remastered 1999,Pop,Nat King Cole,1,1959,3299,0,127.027.715,39,0,0,,,,,,,,,,,
Smoking on my Ex Pack,"R&B, Soul",SZA,1,2022,811,0,57.144.458,11,0,0,,,,,,,,,,,
Conceited,"R&B, Soul",SZA,1,2022,899,0,56.870.689,14,0,0,,,,,,,,,,,
Snow On The Beach (feat. Lana Del Rey),Pop,"Taylor Swift, Lana Del Rey",2,2022,2415,0,323.437.194,57,0,11,,,,,,,,,,,
Maroon,Pop,Taylor Swift,1,2022,2304,0,317.726.339,16,0,0,,,,,,,,,,,
,Nhạc Dance,"DJ LK da Escocia, Tchakabum & MC Ryan SP, mc jhenny",4,2022,1003,0,116.144.341,0,0,0,,,,,,,,,,,
Bejeweled,Pop,Taylor Swift,1,2022,2699,0,328.207.708,35,2,0,,,,,,,,,,,
Tarot,Pop,"Bad Bunny, Jhay Cortez",2,2022,2482,20,608.228.647,77,2,0,,,,,,,,,,,
You Make It Feel Like Christmas (feat. Blake Shelton),Pop,"Gwen Stefani, Blake Shelton",2,2005,2577,0,180.577.478,56,0,0,,,,,,,,,,,
Desesperados,Latin pop,"Chencho Corleone, Rauw Alejandro",2,2021,6821,34,809.306.935,58,7,0,,,,,,,,,,,
Too Late,"R&B, Soul",SZA,1,2022,714,0,49.262.961,9,0,0,,,,,,,,,,,
Party,Latin pop,"Bad Bunny, Rauw Alejandro",2,2022,3185,4,614.555.082,64,3,36,,,,,,,,,,,
Run Rudolph Run - Single Version,Rock,Chuck Berry,1,1958,8612,0,245.350.949,30,0,1,,,,,,,,,,,
Jingle Bells - Remastered 1999,Pop,Frank Sinatra,1,1957,4326,0,178.660.459,3,0,0,,,,,,,,,,,
Far,"R&B, Soul",SZA,1,2022,680,0,51.641.685,15,0,0,,,,,,,,,,,
On Time (with John Legend),"R&B, Soul","John Legend, Metro Boomin",2,2022,398,0,78.139.948,2,0,2,,,,,,,,,,,
GATUBELA ,Latin pop,"Maldy, Karol G",2,2022,3328,13,322.336.177,50,3,1,,,,,,,,,,,
abcdefu,Pop,Gayle,1,2021,7215,0,1.007.612.429,12,18,,,,,,,,,,,,
Sacrifice,"R&B, Soul",The Weeknd,1,2022,4440,0,326.792.833,77,0,,,,,,,,,,,,
Is There Someone Else?,"R&B, Soul",The Weeknd,1,2022,2881,6,391.251.368,89,0,3,,,,,,,,,,,
Fingers Crossed,Pop,"Lauren Spencer Smith, Lauren Spencer Smith, Lauren Spencer Smith",3,2022,2235,0,349.585.590,7,16,6,,,,,,,,,,,
Out of Time,"R&B, Soul",The Weeknd,1,2022,3711,0,339.659.802,88,0,,,,,,,,,,,,
Do It To It,Pop,"Cherish, ACRAZE",2,2021,12403,0,674.772.936,63,0,11,,,,,,,,,,,
We Don't Talk About Bruno,Pop,"Adassa, Mauro Castillo, Stephanie Beatriz, Encanto - Cast, Rhenzy Feliz, Diane Guerrero, Carolina Gaitan",7,2021,2785,0,432.719.968,89,0,,,,,,,,,,,,
Pepas,Latin pop,Farruko,1,2021,14114,17,1.309.887.447,109,20,,,,,,,,,,,,
How Do I Make You Love Me?,"R&B, Soul",The Weeknd,1,2022,1915,0,119.238.316,47,0,0,,,,,,,,,,,
Gasoline,"R&B, Soul",The Weeknd,1,2022,2297,0,116.903.579,29,0,0,,,,,,,,,,,
Infinity,Pop,Jaymes Young,1,2017,4375,0,888.046.992,0,0,0,,,,,,,,,,,
Less Than Zero,"R&B, Soul",The Weeknd,1,2022,2800,0,200.660.871,77,0,1,,,,,,,,,,,
Take My Breath,"R&B, Soul",The Weeknd,1,2021,2597,0,130.655.803,80,0,0,,,,,,,,,,,
good 4 u,Pop,Olivia Rodrigo,1,2021,15563,6,1.887.039.593,55,1,,,,,,,,,,,,
"Here We Go...Again (feat. Tyler, the Creator)","R&B, Soul","The Weeknd, Tyler, The Creator",3,2022,1420,0,88.103.848,18,0,0,,,,,,,,,,,
Best Friends,"R&B, Soul",The Weeknd,1,2022,1292,0,101.114.984,18,0,0,,,,,,,,,,,
Kiss Me More (feat. SZA),"R&B, Soul","SZA, Doja Cat",2,2021,15867,0,1.575.467.011,65,0,12,,,,,,,,,,,
I Heard You're Married (feat. Lil Wayne),"R&B, Soul","The Weeknd, Lil Wayne",2,2022,1178,0,91.656.026,10,0,0,,,,,,,,,,,
Need To Know,Pop,Doja Cat,1,2021,6672,0,1.042.568.408,36,0,,,,,,,,,,,,
MONTERO (Call Me By Your Name),Pop,Lil Nas X,1,2020,12329,0,1.735.441.776,19,0,,,,,,,,,,,,
love nwantiti (ah ah ah),Afrobeats,Ckay,1,2019,5669,2,726.837.877,0,14,,,,,,,,,,,,
Dawn FM,"Electronic, R&B, Soul",The Weeknd,1,2022,811,0,53.933.526,8,0,0,,,,,,,,,,,
Surface Pressure,Pop,Jessica Darrow,1,2021,1756,0,267.758.538,48,0,0,,,,,,,,,,,
Starry Eyes,Pop,The Weeknd,1,2022,1014,0,74.601.456,17,0,0,,,,,,,,,,,
THATS WHAT I WANT,Pop,Lil Nas X,1,2021,7963,0,920.797.189,7,0,4,,,,,,,,,,,
One Right Now (with The Weeknd),"Pop, R&B, Soul","The Weeknd, Post Malone",2,2021,4771,0,539.595.276,18,0,1,,,,,,,,,,,
Beggin,"Pop, Rock",,1,2017,8559,0,1.367.810.478,64,9,75,,,,,,,,,,,
Mon Amour - Remix,"Latin pop, R&B, Soul","Aitana, zzoilo",2,2020,3221,2,578.207.856,13,0,40,,,,,,,,,,,
Lo Siento BB:/ (with Bad Bunny & Julieta Venegas),"Latin pop, Reggaeton","Julieta Venegas, Bad Bunny, Tainy",3,2021,3423,26,775.542.072,65,6,0,,,,,,,,,,,
MONEY,"Pop, K-Pop",Lisa,1,2021,2566,13,863.625.566,109,0,,,,,,,,,,,,
The Motto,"Electronic, Dance","Tiesto, Ava",2,2021,9151,6,656.013.912,107,0,5,,,,,,,,,,,
Happier Than Ever,"Pop, Indie Folk",Billie Eilish,1,2021,8476,0,1.056.760.045,133,0,,,,,,,,,,,,
Moth To A Flame (with The Weeknd),"Electronic, R&B, Soul","The Weeknd, Swedish House Mafia",2,2021,7495,17,611.994.237,172,2,,,,,,,,,,,,
traitor,Latin pop,"Juan Cruz Toledo, Huilen Toledo",2,2021,5257,6,1.230.855.859,43,0,,,,,,,,,,,,
Toxic,"Pop, Rock",BoyWithUke,1,2021,1795,0,582.981.380,23,0,,,,,,,,,,,,
drivers license,Pop,Olivia Rodrigo,1,2021,12685,3,1.858.144.199,61,0,,,,,,,,,,,,
,Pop,Xam? ft. Gustah & NeoBeats,3,2021,648,1,240.684.449,3,0,0,,,,,,,,,,,
All Too Well (10 Minute Version) (Taylor's Version) (From The Vault),"Pop, Country",Taylor Swift,1,2021,4635,5,583.687.007,49,1,2,,,,,,,,,,,
Don’t Break My Heart,"Pop, R&B, Soul",The Weeknd,1,2022,1184,0,63.803.529,5,0,0,,,,,,,,,,,
Oh My God,Pop,Adele,1,2021,4431,0,466.214.729,7,0,0,,,,,,,,,,,
Entre Nosotros (Remix) [con Nicki Nicole],"Latin pop, Reggaeton","Lit Killah, Maria Becerra, Tiago pzk, NICKI NICOLE",4,2022,759,3,236.940.480,0,0,0,,,,,,,,,,,
A Tale By Quincy,Pop,The Weeknd,1,2022,733,0,41.924.466,2,0,0,,,,,,,,,,,
I AM WOMAN,Pop,Emmy Meli,1,2021,2795,0,225.259.194,0,0,0,,,,,,,,,,,
Medallo,Latin pop,"Blessd, Justin Quiles & Lenny Tavarez",3,2021,2780,2,393.230.256,21,1,0,,,,,,,,,,,
It'll Be Okay,Pop,Shawn Mendes,1,2021,1950,0,287.201.015,8,0,10,,,,,,,,,,,
Softcore,Pop,The Neighbourhood,1,2018,3947,12,599.770.206,102,0,30,,,,,,,,,,,
Super Gremlin,"Hip hop, TRap",Kodak Black,1,2021,2551,0,342.779.426,15,0,1,,,,,,,,,,,
Volvi,Latin pop,"Aventura, Bad Bunny",2,2021,5375,10,673.801.126,24,0,1,,,,,,,,,,,
Todo De Ti,Latin pop,Rauw Alejandro,1,2020,11975,8,1.168.642.797,75,6,16,,,,,,,,,,,
Love Nwantiti - Remix,"Afrobeats, Pop","Ckay, AX'EL, Dj Yo!",3,2019,2696,0,540.539.717,2,0,,,,,,,,,,,,
Smokin Out The Window,"Pop, Funk","Bruno Mars, Anderson .Paak, Silk Sonic",3,2021,4963,0,383.550.148,40,0,0,,,,,,,,,,,
Meet Me At Our Spot,"Pop, Indie Folk","THE ANXIETY, Willow, Tyler Cole",3,2020,6734,0,530.511.203,14,0,1,,,,,,,,,,,
Every Angel is Terrifying,"Pop, R&B, Soul",The Weeknd,1,2022,715,0,37.307.967,1,0,0,,,,,,,,,,,
Tacones Rojos,Latin pop,Sebastian Yatra,1,2021,3047,9,510.876.816,31,5,28,,,,,,,,,,,
Peaches (feat. Daniel Caesar & Giveon),"Pop, R&B, Soul","Justin Bieber, Daniel Caesar, Giveon",3,2021,14140,0,1.445.941.661,52,6,,,,,,,,,,,,
Dakiti,"Latin pop, Reggaeton","Bad Bunny, Jhay Cortez",2,2020,11215,21,1.763.363.713,166,9,25,,,,,,,,,,,
"Tiago PZK: Bzrp Music Sessions, Vol. 48",Latin TRap,"Bizarrap, Tiago pzk",2,2021,1678,12,374.191.487,4,1,3,,,,,,,,,,,
L'enfer,"Pop, Chanson française",Stromae,1,2022,2035,0,108.809.090,122,0,2,,,,,,,,,,,
Nostalgico,Latin pop,"Chris Brown, Rvssian, Rauw Alejandro",3,2021,2780,2,436.695.353,76,0,16,,,,,,,,,,,
Better Days (NEIKED x Mae Muller x Polo G),"Pop, Dance","NEIKED, Mae Muller, Polo G",3,2021,4091,0,421.040.617,2,13,1,,,,,,,,,,,
Life Goes On,Pop,Oliver Tree,1,2020,2868,0,501.541.661,15,0,,,,,,,,,,,,
Sad Girlz Luv Money Remix (feat. Kali Uchis),"Pop, R&B, Soul","Kali Uchis, Amaarae, Moliy",3,2021,3643,0,354.065.229,3,0,3,,,,,,,,,,,
Butter,"Pop, K-Pop",BTS,1,2021,4779,6,1.143.647.827,135,0,5,,,,,,,,,,,
pushin P (feat. Young Thug),"Hip hop, TRap","Young Thug, Future, Gunna",3,2022,3517,0,311.395.144,28,0,0,,,,,,,,,,,
You Right,Pop,"Doja Cat, The Weeknd",2,2021,5073,0,672.656.250,9,0,4,,,,,,,,,,,
deja vu,Pop,Olivia Rodrigo,1,2021,7545,4,1.256.880.657,39,0,46,,,,,,,,,,,
Dynamite,Pop,BTS,1,2020,8528,5,1.692.897.992,163,0,,,,,,,,,,,,
TO THE MOON,"Pop, Electronic",Jnr Choi,1,2021,2979,0,245.095.641,0,0,0,,,,,,,,,,,
Lost in the Fire,Latin pop,"The Weeknd, Gesaffelstein",2,2019,7731,2,686.734.357,145,0,46,,,,,,,,,,,
Salimo de Noche,"Latin pop, Reggaeton","Trueno, Tiago pzk",2,2021,1057,0,261.414.174,5,0,0,,,,,,,,,,,
Volando - Remix,"Pop, R&B, Soul","Sech, Bad Bunny, Mora",3,2021,3272,19,610.045.621,34,1,2,,,,,,,,,,,
Leave The Door Open,"Hip hop, TRap","Bruno Mars, Anderson .Paak, Silk Sonic",3,2021,14417,0,1.115.880.852,123,0,10,,,,,,,,,,,
Knife Talk (with 21 Savage ft. Project Pat),"Pop, Dance","Drake, Project Pat, 21 Savage",3,2021,5199,0,594.482.982,43,0,3,,,,,,,,,,,
Don't Be Shy,Pop,Tiesto & Karol G ,2,2021,6026,0,566.954.746,51,1,21,,,,,,,,,,,
Love Grows (Where My Rosemary Goes),"Pop, R&B, Soul",Edison Lighthouse,1,1970,2877,0,245.908.945,0,0,0,,,,,,,,,,,
LA FAMA (with The Weeknd),"Pop, Musical","The Weeknd, ROSALiA",2,2021,4640,3,374.706.940,93,6,4,,,,,,,,,,,
The Family Madrigal,"Pop, R&B, Soul","Olga Merediz, Stephanie Beatriz, Encanto - Cast",3,2021,1150,0,184.937.148,38,0,0,,,,,,,,,,,
Phantom Regret by Jim,Latin pop,The Weeknd,1,2022,768,0,31.959.571,1,0,0,,,,,,,,,,,
Dos Oruguitas,"Pop, Rock",Sebastian Yatra,1,2021,925,0,167.076.418,47,0,0,,,,,,,,,,,
Freaks,"Pop, Latin pop",Surf Curse,1,2015,3006,3,824.420.218,21,0,13,,,,,,,,,,,
Acapulco,"Pop, R&B, Soul",Jason Derulo,1,2021,3098,0,363.467.642,5,1,0,,,,,,,,,,,
Daddy Issues,"Hip hop, TRap",The Neighbourhood,1,2015,9771,4,1.127.468.248,70,0,3,,,,,,,,,,,
thought i was playing,"Pop, K-Pop","21 Savage, Gunna",2,2022,807,0,60.680.939,0,0,0,,,,,,,,,,,
ELEVEN,"Pop, Hip hop",IVE,1,2021,521,1,247.737.946,89,0,0,,,,,,,,,,,
Mood (feat. Iann Dior),"Pop, Musical","24kgoldn, Iann Dior",2,2020,12854,0,1.699.402.402,27,0,,,,,,,,,,,,
What Else Can I Do?,Latin pop,"Stephanie Beatriz, Diane Guerrero",2,2021,802,0,154.797.871,27,0,0,,,,,,,,,,,
DANCE CRIP,"Pop, Rock",Trueno,1,2021,731,0,198.883.004,14,0,4,,,,,,,,,,,
Miserable Man,"Pop, Rock, Alternative",David Kushner,1,2022,788,0,124.407.432,0,1,0,,,,,,,,,,,
happier,Pop,Olivia Rodrigo,1,2021,3069,4,850.608.354,46,0,45,,,,,,,,,,,
Praise God,"Pop, Gospel",Kanye West,1,2021,4651,0,376.333.030,6,0,0,,,,,,,,,,,
Get Into It (Yuh),Pop,Doja Cat,1,2021,4999,0,516.784.627,19,12,0,,,,,,,,,,,
Before You Go,"Pop, Ballad",Lewis Capaldi,1,2019,8327,24,1.608.045.237,130,0,25,,,,,,,,,,,
Sky,"Pop, Hip hop",Playboi Carti,1,2020,3297,3,506.778.838,3,0,1,,,,,,,,,,,
Rolling in the Deep,"Pop, Soul",Adele,1,2010,35684,6,1.472.799.873,125,2,78,,,,,,,,,,,
Sobrio,"Latin pop, Reggaeton",Maluma,1,2021,3506,10,513.643.924,76,1,1,,,,,,,,,,,
Peru,Latin pop,"Ed Sheeran, Fireboy DML",2,2021,2999,0,261.286.503,17,0,22,,,,,,,,,,,
favorite crime,Pop,Olivia Rodrigo,1,2021,3681,0,783.706.581,21,0,7,,,,,,,,,,,
Thunder,"Dance, Electronic","Prezioso, Gabry Ponte, LUM!X",3,2021,4846,10,422.691.058,16,0,13,,,,,,,,,,,
The Business,"Pop, Dance",,1,2020,14311,0,1.062.345.656,32,0,14,,,,,,,,,,,
positions,Pop,Ariana Grande,1,2020,8207,0,1.252.563.873,55,0,2,,,,,,,,,,,
I WANNA BE YOUR SLAVE,"Pop, Rock",Maneskin,1,2021,4873,0,851.070.493,88,3,13,,,,,,,,,,,
Vai La Em Casa Hoje,Sertanejo,"George Henrique & Rodrigo, Marilia Mendonca",2,2021,772,0,263.894.529,3,0,0,,,,,,,,,,,
The Feels,"Pop, Dance",TWICE,1,2021,1150,0,345.903.614,99,0,2,,,,,,,,,,,
HEARTBREAK ANNIVERSARY,"Pop, R&B, Soul",Giveon,1,2020,5398,4,951.637.566,127,0,37,,,,,,,,,,,
No Lie,"Pop, Dance","Sean Paul, Dua Lipa",2,2016,7370,0,956.865.266,127,0,62,,,,,,,,,,,
OUT OUT (feat. Charli XCX & Saweetie),"Pop, Dance","Charli XCX, Jax Jones, Joel Corry, Saweetie",4,2021,6890,0,427.486.004,11,0,1,,,,,,,,,,,
Pope Is a Rockstar,"Pop, Rock",SALES,1,2016,1966,0,156.658.366,2,0,0,,,,,,,,,,,
2055,"Pop, TRap",Sleepy hallow,1,2021,2226,0,624.515.457,0,0,0,,,,,,,,,,,
Bored,Pop,Billie Eilish,1,2017,4204,0,777.765.388,45,0,0,,,,,,,,,,,
Happier Than Ever - Edit,"Pop, Indie Folk",Billie Eilish,1,2021,1959,0,412.795.151,0,0,0,,,,,,,,,,,
Astronaut In The Ocean,"Pop, Rock, Alternative",Masked Wolf,1,2019,7191,0,1.138.474.110,18,0,7,,,,,,,,,,,
Ley Seca,"Latin, Reggaeton","Anuel Aa, Jhay Cortez",2,2021,2012,0,355.219.175,12,0,0,,,,,,,,,,,
Every Summertime,Dance Pop,NIKI,1,2021,1211,2,290.228.626,2,0,6,,,,,,,,,,,
Talking To The Moon,Pop,Bruno Mars,1,2010,7109,2,1.062.956.628,0,0,0,,,,,,,,,,,
you broke me first,Pop,Tate McRae,1,2020,6638,0,1.180.094.974,19,0,1,,,,,,,,,,,
The Nights,"Progressive House, Electronic Dance Music",Avicii,1,2014,17354,8,1.456.081.449,122,0,55,,,,,,,,,,,
Take My Breath,"Synth-Pop, R&B",The Weeknd,1,2021,6392,0,432.702.334,73,0,0,,,,,,,,,,,
Way 2 Sexy (with Future & Young Thug),"Hip hop, Rap","Drake, Future, Young Thug",3,2021,5481,0,489.945.871,30,0,0,,,,,,,,,,,
Curame,"Latin pop, Reggaeton",Rauw Alejandro,1,2021,2636,3,465.959.382,82,0,5,,,,,,,,,,,
Enemy - from the series Arcane League of Legends,"Rock, Alternative Rock","Imagine Dragons, League of Legends, Arcane",3,2021,824,0,1.223.481.149,8,2,0,,,,,,,,,,,
Dance Monkey,"Pop, Dance Pop",Tones and I,1,2019,24529,0,2.864.791.672,167,6,,,,,,,,,,,,
Lucid Dreams,"Emo Rap, Hip hop",Juice WRLD,1,2017,14749,0,2.288.695.111,34,0,5,,,,,,,,,,,
Que Mas Pues?,"Latin pop, Reggaeton","J Balvin, Maria Becerra",2,2021,8087,0,720.825.549,34,0,0,,,,,,,,,,,
All of Me,"Soul, R&B",John Legend,1,2013,27221,0,2.086.124.197,118,2,77,,,,,,,,,,,
Smells Like Teen Spirit - Remastered 2021,"Grunge, Alternative Rock",Nirvana,1,1991,49991,9,1.690.192.927,121,4,160,,,,,,,,,,,
Arcade,"Pop, Indie Pop",Duncan Laurence,1,2019,6646,0,991.336.132,47,1,,,,,,,,,,,,
Fair Trade (with Travis Scott),"Hip hop, Rap","Drake, Travis Scott",2,2021,5403,6,593.917.618,116,0,3,,,,,,,,,,,
Bar,"Latin pop, Cumbia","Tini, L-Gante",2,2021,755,4,200.972.675,3,0,0,,,,,,,,,,,
The Rumbling (TV Size),"Pop, Anime",SiM,1,2022,254,0,71.014.967,4,0,0,,,,,,,,,,,
family ties (with Kendrick Lamar),"Hip hop, Rap","Kendrick Lamar, Baby Keem",2,2021,6308,5,560.222.750,15,0,2,,,,,,,,,,,
Mr. Brightside,"Indie Rock, Alternative Rock",The Killers,1,2003,51979,15,1.806.617.704,99,2,120,,,,,,,,,,,
Blessed-Cursed,K-Pop,ENHYPEN,1,2022,246,0,77.337.771,12,0,0,,,,,,,,,,,
AM Remix,"Latin pop, Reggaeton","J Balvin, Nio Garcia, Bad Bunny",3,2021,6556,0,528.544.703,5,1,0,,,,,,,,,,,
Streets,"Pop Rap, Hip hop",Doja Cat,1,2019,5728,0,865.640.097,87,0,12,,,,,,,,,,,
Shallow,"Pop, Ballad","Lady Gaga, Bradley Cooper",2,2018,16636,12,2.159.346.687,155,6,121,,,,,,,,,,,
Polaroid Love,"Pop, K-Pop",ENHYPEN,1,2022,461,0,211.372.494,56,0,0,,,,,,,,,,,
Leave Before You Love Me (with Jonas Brothers),"Pop, Dance Pop","Marshmello, Jonas Brothers",2,2021,4893,4,651.732.901,24,0,70,,,,,,,,,,,
Permission to Dance,"Pop, K-Pop",BTS,1,2021,1801,2,608.334.048,134,0,2,,,,,,,,,,,
Friday (feat. Mufasa & Hypeman) - Dopamine Re-Edit,"Dance Pop, Electronic Dance Music","Riton, Nightcrawlers, Mufasa & Hypeman, Dopamine",4,2021,12043,0,863.756.573,54,0,18,,,,,,,,,,,
RAPSTAR,"Hip hop, Rap",Polo G,1,2021,4731,0,797.402.345,12,0,0,,,,,,,,,,,
'Till I Collapse,"Hip hop, Rap","Eminem, Nate Dogg",2,2002,22923,0,1.695.712.020,46,1,0,,,,,,,,,,,
Memories,"Pop, Rock",Maroon 5,1,2019,9974,2,1.759.567.999,67,1,19,,,,,,,,,,,
Se Le Ve,"Latin pop, Reggaeton","Arcangel, De La Ghetto, Justin Quiles, Lenny Tavarez, Sech, Dalex, Dimelo Flow, Rich Music",8,2021,1560,0,223.319.934,0,0,0,,,,,,,,,,,
25k jacket (feat. Lil Baby),"Hip hop, Rap","Gunna, Lil Baby",2,2022,620,0,54.937.991,3,0,0,,,,,,,,,,,
When I’m Gone,"Pop, Dance Pop","Katy Perry, Alesso",2,2021,3270,0,226.897.599,21,0,0,,,,,,,,,,,
Esqueca-me Se For Capaz,"Latin pop, Sertanejo",Marilia Mendonca & Maiara e Maraisa,2,2021,580,0,258.316.038,92,0,0,,,,,,,,,,,
Mienteme,"Latin pop, Reggaeton","Tini, Maria Becerra",2,2021,3406,16,596.152.090,23,1,0,,,,,,,,,,,
Subelo,"Latin pop, Reggaeton","Anuel Aa, Myke Towers, Jhay Cortez",3,2021,903,0,177.129.919,26,0,0,,,,,,,,,,,
MAMIII,"Latin pop, Reggaeton","Karol G, Becky G",2,2022,6809,28,716.591.492,102,5,29,,,,,,,,,,,
Still D.R.E.,"Hip hop, Rap","Dr. Dre, Snoop Dogg",2,1999,33966,0,1.210.599.487,78,1,0,,,,,,,,,,,
Stay Alive (Prod. SUGA of BTS),"Pop, K-Pop",Jung Kook,1,2022,590,5,246.376.690,113,0,1,,,,,,,,,,,
Boyfriend,"Pop, Ballad",Dove Cameron,1,2022,3766,0,496.311.364,0,0,2,,,,,,,,,,,
The Joker And The Queen (feat. Taylor Swift),"Pop, Ballad","Ed Sheeran, Taylor Swift",2,2022,1430,0,146.789.379,1,0,0,,,,,,,,,,,
The Next Episode,"Hip hop, Rap","Dr. Dre, Snoop Dogg",2,1999,31762,0,843.309.044,40,1,953,,,,,,,,,,,
Light Switch,"Pop, Electronic Dance Music",Charlie Puth,1,2022,4049,0,500.340.342,6,1,1,,,,,,,,,,,
City of Gods,"Hip hop, Rap","Kanye West, Alicia Keys, Fivio Foreign",3,2022,2096,0,107.255.472,3,0,0,,,,,,,,,,,
Brividi,"Pop, Italian Pop","Mahmood, Blanco",2,2022,1175,0,135.079.152,1,0,0,,,,,,,,,,,
Lost,"Rock, Pop Rock",Frank Ocean,1,2012,29499,11,822.239.726,27,0,4,,,,,,,,,,,
In Da Club,"Hip hop, Rap",50 Cent,1,2002,30427,7,1.202.722.675,106,1,35,,,,,,,,,,,
she's all i wanna be,"Pop, Bedroom Pop",Tate McRae,1,2022,2711,0,343.197.054,12,0,12,,,,,,,,,,,
Ginseng Strip 2002,"Cloud Rap, Hip hop",Yung Lean,1,2013,4310,0,240.769.997,0,1,3,,,,,,,,,,,
All For Us - from the HBO Original Series Euphoria,"Pop, Alternative Pop","Labrinth, Zendaya",2,2019,5342,0,426.204.830,123,0,4,,,,,,,,,,,
Notion,"Pop, Indie Pop",The Rare Occasions,1,2016,2393,0,421.135.627,13,0,6,,,,,,,,,,,
Formula,"Pop, Alternative Pop",Labrinth,1,2019,3444,7,554.875.730,85,0,1,,,,,,,,,,,
Mount Everest,"Pop, Alternative Pop",Labrinth,1,2019,5443,0,467.727.006,1,0,12,,,,,,,,,,,
Excuses,"Punjabi Pop, Bhangra","Intense, AP Dhillon, Gurinder Gill",3,2020,272,4,327.498.031,21,0,0,,,,,,,,,,,
Cigarettes,"Emo Rap, Hip hop",Juice WRLD,1,2021,975,0,185.408.548,0,0,0,,,,,,,,,,,
"Cayo La Noche (feat. Cruz Cafune, Abhir Hathi, Bejo, EL IMA)","Latin pop, Reggaeton","Quevedo, La Pantera, Juseph,Cruz Cafune, Abhir Hathi, Bejo, Abhir Hathi",7,2022,1034,1,245.400.167,5,0,0,,,,,,,,,,,
California Love - Original Version (Explicit),"Hip hop, West Coast Hip hop","Dr. Dre, 2Pac, Roger",3,1995,18773,0,579.395.142,17,0,0,,,,,,,,,,,
Forgot About Dre,"Hip hop, West Coast Hip hop","Eminem, Dr. Dre",2,1999,19067,0,675.039.469,15,0,3,,,,,,,,,,,
Down Under (feat. Colin Hay),"Pop, Dance Pop","Luude, Colin Hay",2,2021,3541,2,252.871.192,13,1,7,,,,,,,,,,,
Mujeriego,"Latin pop, Reggaeton",Ryan Castro,1,2021,1492,0,231.996.128,63,0,24,,,,,,,,,,,
HUMBLE.,"Hip hop, Conscious Hip hop",Kendrick Lamar,1,2017,33206,1,1.929.770.265,114,0,5,,,,,,,,,,,
Stan,"Hip hop, Rap","Eminem, Dido",2,1999,17115,0,918.915.401,63,0,0,,,,,,,,,,,
Contection,"Hip hop, French Hip hop","GODZZ__-, Zakaria",2,2020,6955,0,1.180.896.317,45,0,1,,,,,,,,,,,
Swim,"Pop, Alternative Pop",Chase Atlantic,1,2017,2742,0,498.960.285,1,0,0,,,,,,,,,,,
A Tu Merced,"Latin pop, Reggaeton",Bad Bunny,1,2020,4214,11,685.071.800,20,0,0,,,,,,,,,,,
Numb Little Bug,"Pop, Bedroom Pop",Em Beihold,1,2022,2026,0,258.714.692,3,12,6,,,,,,,,,,,
212,"Pop, Alternative Pop","Mainstreet, Chefin",2,2022,352,0,143.139.338,0,0,0,,,,,,,,,,,
Problemon,"Latin pop, Reggaeton","Alvaro Diaz, Rauw Alejandro",2,2021,1517,0,209.768.491,7,0,4,,,,,,,,,,,
Bussin,"Hip hop, Rap","Nicki Minaj, Lil Baby",2,2022,847,0,64.714.573,0,0,0,,,,,,,,,,,
Worst Day,"Hip hop, Rap",Future,1,2022,910,0,50.746.620,3,0,0,,,,,,,,,,,
Malvada,"Latin pop, Sertanejo",Ze Felipe,1,2022,601,0,154.119.539,73,0,0,,,,,,,,,,,
Hrs and Hrs,"Pop, Alternative Pop",Muni Long,1,2021,1800,0,181.328.253,36,13,4,,,,,,,,,,,
Alien Blues,"Indie Rock, Alternative Rock",Vundabar,1,2015,1930,0,370.068.639,0,0,1,,,,,,,,,,,
Thinking Out Loud,"Pop, Ballad",Ed Sheeran,1,2014,33032,0,2.280.566.092,129,0,28,,,,,,,,,,,
Still Don't Know My Name,"Pop, Indie Pop",Labrinth,1,2019,6332,0,563.902.868,116,0,0,,,,,,,,,,,
Christmas Tree,"Pop, Christmas",V,1,2021,509,9,317.622.165,106,0,8,,,,,,,,,,,
Mal Feito - Ao Vivo,"Latin pop, Sertanejo","Hugo e Guilherme, Marilia Mendonca",2,2022,971,2,291.709.698,104,1,0,,,,,,,,,,,
When I R.I.P.,"Pop, Alternative Pop",Labrinth,1,2019,2578,0,203.680.270,67,0,0,,,,,,,,,,,
Do We Have A Problem?,"Hip hop, Rap","Nicki Minaj, Lil Baby",2,2022,1064,0,81.350.745,1,0,0,,,,,,,,,,,
Forever,"Pop, Ballad",Labrinth,1,2019,3618,0,282.883.169,86,0,2,,,,,,,,,,,
Gospel (with Eminem),"Hip hop, Rap","Eminem, Dr. Dre",2,2022,1040,0,64.787.943,0,0,0,,,,,,,,,,,
Senorita,"Pop, Latin pop","Shawn Mendes, Camila Cabello",2,2019,15010,2,2.484.812.918,50,1,8,,,,,,,,,,,
NEW MAGIC WAND,"Pop, Alternative Pop","Tyler, The Creator",2,2019,4708,0,461.437.791,7,0,1,,,,,,,,,,,
Adore You,"Pop, Indie Pop",Harry Styles,1,2019,13454,1,1.439.191.367,71,2,5,,,,,,,,,,,
La Santa,"Latin pop, Reggaeton","Daddy Yankee, Bad Bunny",2,2020,4890,20,759.208.783,42,0,0,,,,,,,,,,,
Something In The Way - Remastered 2021,"Grunge, Alternative Rock",Nirvana,1,1991,9514,0,368.646.862,27,0,43,,,,,,,,,,,
Sweetest Pie,"Pop, Alternative Pop","Dua Lipa, Megan Thee Stallion",2,2022,3501,0,299.634.472,2,11,0,,,,,,,,,,,
Bam Bam (feat. Ed Sheeran),"Pop, Dance Pop","Camila Cabello, Ed Sheeran",2,2022,6111,4,756.907.987,40,9,35,,,,,,,,,,,
Una Noche en Medellin,"Latin pop, Reggaeton",Cris Mj,1,2022,5415,32,682.475.162,16,1,2,,,,,,,,,,,
Envolver,"Latin pop, Reggaeton",Anitta,1,2021,4673,2,546.191.065,113,1,4,,,,,,,,,,,
Starlight,"Pop, Alternative Pop",Dave,1,2022,1856,3,229.473.310,40,1,1,,,,,,,,,,,
Hati-Hati di Jalan,Pop,Tulus,1,2022,200,2,202.677.468,4,0,0,,,,,,,,,,,
"I'm Tired - From ""Euphoria"" An Original HBO Series",Pop,Labrinth,1,2022,1888,0,121.913.181,1,0,0,,,,,,,,,,,
DANcARINA,Pop,"Mc Pedrinho, Pedro Sampaio",2,2022,911,2,208.166.039,0,1,1,,,,,,,,,,,
Yo Voy (feat. Daddy Yankee),"Reggaeton, Latin pop",Zion & Lennox,1,2004,2954,2,527.033.089,82,0,5,,,,,,,,,,,
"Residente: Bzrp Music Sessions, Vol. 49","Latin Rap, Hip hop","Residente, Bizarrap",2,2022,461,0,94.616.487,11,0,0,,,,,,,,,,,
Jordan,Latin pop,Ryan Castro,1,2021,2844,2,394.030.335,2,1,0,,,,,,,,,,,
Nail Tech,Pop Rap,Jack Harlow,1,2022,2939,0,193.443.895,0,0,0,,,,,,,,,,,
Chale,Regional Mexican,Eden Munoz,1,2022,695,11,299.648.208,41,1,1,,,,,,,,,,,
DARARI,K-Pop,Treasure,1,2022,328,0,182.978.249,21,0,9,,,,,,,,,,,
Ya No Somos Ni Seremos,"Mariachi, Ranchera",Christian Nodal,1,2022,866,16,319.757.142,84,7,11,,,,,,,,,,,
Thinking with My Dick,Hip hop,"Kevin Gates, Juicy J",2,2013,1550,0,109.091.573,0,0,0,,,,,,,,,,,
Freaky Deaky,Pop Rap,"Tyga, Doja Cat",2,2022,1729,0,153.240.879,1,0,0,,,,,,,,,,,
this is what falling in love feels like,Pop,JVKE,1,2021,2005,0,346.127.840,5,0,7,,,,,,,,,,,
La Zona,"Reggaeton, Latin TRap",Bad Bunny,1,2020,1188,0,312.622.938,1,0,1,,,,,,,,,,,
Bohemian Rhapsody - Remastered 2011,Rock,Queen,1,1975,40112,3,2.197.010.679,162,8,17,,,,,,,,,,,
Hope,Sad Rap,XXXTENTACION,1,2018,3659,0,1.200.808.494,10,0,7,,,,,,,,,,,
Levitating,Pop,Dua Lipa,1,2020,9833,0,797.196.073,82,1,1,,,,,,,,,,,
Wake Me Up - Radio Edit,Electronic Dance Music,Avicii,1,2013,50887,34,1.970.673.297,160,1,46,,,,,,,,,,,
"jealousy, jealousy",Pop,Olivia Rodrigo,1,2021,3257,0,665.765.558,0,0,0,,,,,,,,,,,
Money so big,Hip hop,YEAT,1,2021,1473,0,263.779.030,0,0,10,,,,,,,,,,,
Demasiadas Mujeres,Latin pop,C. Tangana,1,2020,2226,0,339.473.453,2,0,14,,,,,,,,,,,
Something Just Like This,Pop,"The Chainsmokers, Coldplay",2,2017,23375,21,2.204.080.728,188,3,30,,,,,,,,,,,
Closer,Pop,"The Chainsmokers, Halsey",2,2016,28032,0,2.591.224.264,159,0,44,,,,,,,,,,,
O.O,"Pop, Alternative Rock, Indie Pop",NMIXX,1,2022,290,0,135.444.283,66,0,0,,,,,,,,,,,
Somebody That I Used To Know,"Indie Pop, Indie Rock, Folk","Gotye, Kimbra",2,2011,42798,0,1.457.139.296,136,1,,,,,,,,,,,,
Tom's Diner,Pop Rap,"AnnenMayKantereit, Giant Rooks",2,2019,2605,0,236.872.197,48,0,3,,,,,,,,,,,
First Class,"Latin TRap, Reggaeton",Jack Harlow,1,2022,8737,0,694.525.298,32,15,12,,,,,,,,,,,
Plan A,"Latin pop, Reggaeton",Paulo Londra,1,2022,1105,0,240.661.097,0,0,0,,,,,,,,,,,
Fuera del mercado,"Reggaeton, Latin pop",Danny Ocean,1,2022,2499,21,421.365.166,24,1,0,,,,,,,,,,,
XuLTIMA,"Pop, Ballad","Daddy Yankee, Bad Bunny",2,2022,2697,1,349.746.291,3,0,0,,,,,,,,,,,
When You're Gone,Pop Rap,Shawn Mendes,1,2022,2092,0,255.120.451,11,0,14,,,,,,,,,,,
In My Head,Pop,Lil Tjay,1,2022,1185,0,190.981.339,0,0,0,,,,,,,,,,,
Wait a Minute!,"K-Pop, Dance Pop",Willow,1,2015,11985,0,924.193.303,80,3,10,,,,,,,,,,,
LOVE DIVE,"Latin pop, Reggaeton",IVE,1,2022,753,8,305.771.063,124,0,1,,,,,,,,,,,
Pantysito,"Latin TRap, Reggaeton","Feid, Alejo, Robi",3,2022,2995,0,273.005.485,17,0,0,,,,,,,,,,,
Chance,Pop,Paulo Londra,1,2022,225,0,89.566.512,0,0,0,,,,,,,,,,,
Cool for the Summer,"Pop, ElectroPop",Demi Lovato,1,2015,9243,0,677.389.855,5,0,6,,,,,,,,,,,
psychofreak (feat. WILLOW),"ElectroPop, SynthPop","Camila Cabello, Willow",2,2022,918,0,75.476.209,0,0,0,,,,,,,,,,,
Angel Baby,"Latin TRap, Reggaeton",Troye Sivan,1,2021,1959,9,408.843.328,25,0,10,,,,,,,,,,,
Vampiro,"Latin TRap, Reggaeton","Matuê, Wiu",3,2022,540,4,187.772.591,3,0,0,,,,,,,,,,,
Si Quieren Frontear,Pop Rap,"De La Ghetto, Duki, Quevedo",3,2022,859,0,178.512.385,0,0,0,,,,,,,,,,,
Right On,"Latin TRap, Reggaeton",Lil Baby,1,2022,1116,0,101.780.047,9,0,1,,,,,,,,,,,
Me Arrepenti,Pop,"Ak4:20, Cris Mj, Pailita",3,2022,273,2,118.381.354,2,0,0,,,,,,,,,,,
That's Hilarious,"Latin pop, Reggaeton",Charlie Puth,1,2022,686,2,146.363.130,6,0,15,,,,,,,,,,,
Soy El Unico,"Reggaeton, Latin pop",Yahritza Y Su Esencia,1,2022,226,0,126.443.991,0,0,1,,,,,,,,,,,
RUMBAToN,"Reggaeton, Latin pop",Daddy Yankee,1,2022,1264,0,157.990.698,4,0,1,,,,,,,,,,,
sentaDONA (Remix) s2,"Pop, Funk Carioca","Luisa Sonza, MC Frog, Dj Gabriel do Borel, Davi K",4,2022,870,0,176.290.831,0,0,0,,,,,,,,,,,
Falling,"Pop, Rock",Harry Styles,1,2019,7556,0,1.023.187.129,24,0,8,,,,,,,,,,,
Sigue,"Pop, Latin","Ed Sheeran, J Balvin",2,1996,1370,0,106.933.107,8,0,0,,,,,,,,,,,
Fim de Semana no Rio,"Pop, MPB",teto,1,2022,315,2,139.193.812,2,0,0,,,,,,,,,,,
MANIAC,"K-Pop, Hip hop",Stray Kids,1,2022,651,0,212.234.990,188,0,0,,,,,,,,,,,
There's Nothing Holdin' Me Back,"Pop, Rock",Shawn Mendes,1,2016,12382,0,1.714.490.998,57,2,71,,,,,,,,,,,
IDGAF (with blackbear),"Pop, Hip hop","Blackbear, BoyWithUke",2,2022,625,0,197.643.795,2,0,1,,,,,,,,,,,
Golden,"Pop, Rock",Harry Styles,1,2019,8429,1,807.015.863,24,0,2,,,,,,,,,,,
Get Lucky - Radio Edit,"Pop, Funk, Disco","Pharrell Williams, Nile Rodgers, Daft Punk",3,2013,52898,0,933.815.613,1,0,0,,,,,,,,,,,
Ain't Shit,"Pop, R&B",Doja Cat,1,2021,3436,0,499.710.590,6,0,1,,,,,,,,,,,
"Nobody Like U - From ""Turning Red""",Pop-Rock,"Jordan Fisher, Josh Levi, Finneas O'Connell, 4*TOWN (From Disney and Pixar's Turning Red), Topher Ngo, Grayson Vill",6,2022,918,0,120.847.157,39,0,0,,,,,,,,,,,
Still Life,"Rock alternative, K-Pop",BIGBANG,1,2022,181,0,53.909.146,14,0,0,,,,,,,,,,,
Photograph,"Pop, Rock",Ed Sheeran,1,2014,18778,3,2.236.667.932,105,0,84,,,,,,,,,,,
Love Yourself,"Rap, Rock",Justin Bieber,1,2015,22730,5,2.123.309.722,87,0,36,,,,,,,,,,,
N95,"Pop, Rock",Kendrick Lamar,1,2022,5542,0,301.242.089,16,0,206,,,,,,,,,,,
About Damn Time,"Rap, Rock",Lizzo,1,2022,9021,0,723.894.473,49,21,24,,,,,,,,,,,
Die Hard,"Rap, Rock","Kendrick Lamar, Blxst, Amanda Reifer",3,2022,4627,0,237.351.106,13,0,0,,,,,,,,,,,
Despues de la Playa ,"Merengue, Mambo",Bad Bunny,1,2022,2229,0,461.558.540,44,0,5,,,,,,,,,,,
Un Ratito,"Reggeaton, Pop",Bad Bunny,1,2022,1112,6,417.230.415,30,1,1,,,,,,,,,,,
United In Grief,"Rap, Rock",Kendrick Lamar,1,2022,2575,0,156.898.322,5,0,51,,,,,,,,,,,
Father Time (feat. Sampha),"Rap, Rock","Kendrick Lamar, Sampha",2,2022,3107,0,127.309.180,0,0,0,,,,,,,,,,,
Yo No Soy Celoso,"Reggeaton, Pop",Bad Bunny,1,2022,1179,0,313.113.297,21,0,0,,,,,,,,,,,
Rich Spirit,"Rap, Rock",Kendrick Lamar,1,2022,3486,0,173.702.135,10,0,0,,,,,,,,,,,
Cooped Up (with Roddy Ricch),"Hip hop, Rap, Pop","Post Malone, Roddy Ricch",2,2022,2942,0,271.666.301,28,0,0,,,,,,,,,,,
Me Fui de Vacaciones,"Latin pop, Reggaeton, TRap",Bad Bunny,1,2022,1443,0,305.650.299,11,1,0,,,,,,,,,,,
Silent Hill,"Hip hop, Rap, TRap","Kendrick Lamar, Kodak Black",2,2022,3028,0,123.216.717,0,0,0,,,,,,,,,,,
La Corriente,"Reggaeton, Latin pop","Tony Dize, Bad Bunny",2,2022,1796,8,479.655.659,25,1,0,,,,,,,,,,,
Count Me Out,"Hip hop, Rap",Kendrick Lamar,1,2022,2729,0,126.191.104,7,0,1,,,,,,,,,,,
Andrea,"Latin pop, Indie Pop","Buscabulla, Bad Bunny",2,2022,1195,0,344.055.883,30,1,1,,,,,,,,,,,
Dos Mil 16,"Reggaeton, Latin pop",Bad Bunny,1,2022,892,3,338.422.004,24,0,0,,,,,,,,,,,
We Cry Together,"Hip hop, Rap, R&B","Kendrick Lamar, Taylour Paige",2,2022,1635,0,68.895.644,1,0,0,,,,,,,,,,,
Savior,"Hip hop, Rap","Kendrick Lamar, Sam Dew, Baby Keem",3,2022,2291,0,86.176.890,0,0,0,,,,,,,,,,,
Un Coco,"Reggaeton, Latin pop",Bad Bunny,1,2022,1029,28,403.231.558,28,0,0,,,,,,,,,,,
Otro Atardecer,"Latin pop, Indie Pop",Bad Bunny & The Marias,2,2022,1681,7,319.546.754,30,0,33,,,,,,,,,,,
Worldwide Steppers,"Hip hop, Rap",Kendrick Lamar,1,2022,1480,0,61.739.839,0,0,0,,,,,,,,,,,
Aguacero,"Reggaeton, Latin pop",Bad Bunny,1,2022,829,0,283.359.161,15,0,0,,,,,,,,,,,
Purple Hearts,"Hip hop, Rap, R&B","Kendrick Lamar, Ghostface Killah, Summer Walker",3,2022,2308,0,76.831.876,0,0,0,,,,,,,,,,,
Un Verano Sin Ti,"Reggaeton, Latin pop",Bad Bunny,1,2022,1004,1,283.332.261,12,0,0,,,,,,,,,,,
ULTRA SOLO,"Latin pop, Reggaeton","Polima WestCoast, Pailita",2,2022,1367,0,307.752.576,4,1,0,,,,,,,,,,,
Ensename a Bailar ,"Reggaeton, Latin pop",Bad Bunny,1,2022,1112,3,279.737.940,25,0,0,,,,,,,,,,,
El Apagon,"Reggaeton, Latin pop",Bad Bunny,1,2022,1209,0,212.351.890,7,0,1,,,,,,,,,,,
Callaita,"Reggaeton, Latin pop","Bad Bunny, Tainy",2,2019,9539,15,1.304.313.953,116,7,0,,,,,,,,,,,
Dua Lipa,Pop,Jack Harlow,1,2022,1992,0,150.500.965,0,0,0,,,,,,,,,,,
Agosto,"Reggaeton, Latin pop",Bad Bunny,1,2022,897,0,246.127.838,20,0,0,,,,,,,,,,,
House Of Memories,"Pop Rock, Emo Pop",Panic! At The Disco,1,2016,2948,0,582.863.434,2,0,0,,,,,,,,,,,
Mr. Morale,"Hip hop, Rap","Kendrick Lamar, Tanna Leone",2,2022,1860,0,58.687.425,0,0,0,,,,,,,,,,,
That That (prod. & feat. SUGA of BTS),"Pop, K-Pop, Hip hop","PSY, Suga",2,2022,802,0,212.109.195,81,0,0,,,,,,,,,,,
In The Stars,Pop,Benson Boone,1,2022,2224,8,382.199.619,40,1,210,,,,,,,,,,,
Rich - Interlude,Hip hop,Kendrick Lamar,1,2022,1103,0,41.210.087,0,0,0,,,,,,,,,,,
SUPERMODEL,"Rock, Pop Rock",Maneskin,1,2022,2265,0,231.657.891,12,11,3,,,,,,,,,,,
Stefania (Kalush Orchestra),"Folk, Pop",KALUSH,1,2022,555,0,53.729.194,4,0,0,,,,,,,,,,,
Thousand Miles,"Pop, Hip hop",The Kid Laroi,1,2022,2050,0,244.741.137,9,0,1,,,,,,,,,,,
Crown,Hip hop,Kendrick Lamar,1,2022,1493,0,42.485.571,0,0,0,,,,,,,,,,,
Auntie Diaries,Hip hop,Kendrick Lamar,1,2022,1545,0,37.778.188,0,0,0,,,,,,,,,,,
PUFFIN ON ZOOTIEZ,Hip hop,Future,1,2022,2350,0,254.218.729,42,0,0,,,,,,,,,,,
Mirror,Hip hop,Kendrick Lamar,1,2022,1929,0,53.603.447,0,0,0,,,,,,,,,,,
Beautiful Girl,Pop,Luciano,1,2022,710,4,160.035.717,11,0,0,,,,,,,,,,,
"Paulo Londra: Bzrp Music Sessions, Vol. 23","Latin pop, TRap","Bizarrap, Paulo Londra",2,2022,928,0,164.163.229,0,0,0,,,,,,,,,,,
Savior - Interlude,Hip hop,Kendrick Lamar,1,2022,1194,0,37.091.576,0,0,0,,,,,,,,,,,
Pasoori,"Pop, Folk","Shae Gill, Ali Sethi",2,2022,349,6,284.249.832,22,0,0,,,,,,,,,,,
Mother I Sober (feat. Beth Gibbons of Portishead),"Hip hop, Soul","Kendrick Lamar, Beth Gibbons",2,2022,1890,0,33.381.454,0,0,0,,,,,,,,,,,
TUS LaGRIMAS,"Latin pop, Reggaeton","Sech, Mora",2,2022,1308,2,184.622.518,16,0,5,,,,,,,,,,,
Where Did You Go?,"Dance Pop, Electronic dance music","MNEK, Jax Jones",2,2022,4531,0,300.983.101,74,1,18,,,,,,,,,,,
I Tried to Tell Y'all,Hip hop,"Ugly Dray, Tesla Jnr",2,2022,1657,0,121.077.868,3,0,0,,,,,,,,,,,
Honest (feat. Don Toliver),"Pop, R&B","Justin Bieber, Don Toliver",2,2022,1351,0,106.919.680,1,0,0,,,,,,,,,,,
ZOOM,"Pop, K-Pop",Jessi,1,2022,608,0,136.996.305,29,0,0,,,,,,,,,,,
SloMo,Pop,Chanel,1,2021,1211,0,65.719.930,0,0,2,,,,,,,,,,,
FEARLESS,"Pop, K-Pop",LE SSERAFIM,1,2022,629,0,229.497.852,75,0,0,,,,,,,,,,,
10 Things I Hate About You,Pop,Leah Kate,1,2022,1301,0,185.550.869,1,0,0,,,,,,,,,,,
SPACE MAN,"Pop, Indie Pop",Sam Ryder,1,2022,1329,0,54.682.594,51,0,0,,,,,,,,,,,
With you,"Pop, Ballad","HA SUNG WOON, Jimin",2,2022,343,2,240.580.042,35,1,1,,,,,,,,,,,
Iris,"Pop Rock, Alternative Rock",The Goo Goo Dolls,1,1998,13101,9,1.284.942.608,5,0,0,,,,,,,,,,,
The Heart Part 5,"Hip hop, Rap",Kendrick Lamar,1,2022,2939,0,71.423.324,0,0,0,,,,,,,,,,,
San Lucas,"Latin pop, Reggaeton",Kevin Kaarl,1,2019,407,1,244.891.912,0,0,0,,,,,,,,,,,
This Love (Taylor’s Version) ,"Pop, Country Pop",Taylor Swift,1,2022,1492,0,132.171.975,2,0,2,,,,,,,,,,,
Good Looking,Pop,Suki Waterhouse,1,2017,2264,0,184.706.613,6,0,1,,,,,,,,,,,
Flowers,"Pop, Ballad",Lauren Spencer Smith,1,2021,801,0,184.826.429,9,1,1,,,,,,,,,,,
Yet To Come,"Pop, Dance Pop",BTS,1,2022,829,0,302.006.641,110,0,0,,,,,,,,,,,
Run BTS,"Pop, Dance Pop",BTS,1,2022,736,0,330.881.149,132,0,3,,,,,,,,,,,
Music For a Sushi Restaurant,"Pop, Indie Pop",Harry Styles,1,2022,4449,1,334.733.572,11,0,1,,,,,,,,,,,
Matilda,"Pop, Indie Pop",Harry Styles,1,2022,3218,3,366.214.458,10,0,0,,,,,,,,,,,
For Youth,"Pop, Ballad",BTS,1,2022,327,0,114.546.317,40,0,0,,,,,,,,,,,
Daylight,"Pop, Indie Pop",Harry Styles,1,2022,2775,0,290.833.204,11,0,0,,,,,,,,,,,
Vegas (From the Original Motion Picture Soundtrack ELVIS),"Pop, Rock and roll",Doja Cat,1,2022,4576,0,448.500.832,13,0,17,,,,,,,,,,,
Cash In Cash Out,"Hip hop, Rap","Pharrell Williams, Tyler, The Creator, 21 Savage",4,2022,2313,0,136.676.504,0,0,0,,,,,,,,,,,
Potion (with Dua Lipa & Young Thug),"Pop, Dance Pop, Electronic dance music","Calvin Harris, Dua Lipa, Young Thug",3,2022,3983,0,190.625.045,45,0,0,,,,,,,,,,,
Born Singer,"Pop, Ballad",BTS,1,2022,279,0,79.095.270,18,0,0,,,,,,,,,,,
Little Freak,"Pop, Indie Pop",Harry Styles,1,2022,2302,0,273.194.684,3,0,0,,,,,,,,,,,
La Llevo Al Cielo (Ft. nengo Flow),"Latin pop, Reggaeton","Nengo Flow, Anuel Aa, Chris Jedi, Chencho Corleone",4,2022,3559,3,333.146.475,1,0,1,,,,,,,,,,,
True Love,"Pop, Hip hop","Kanye West, XXXTENTACION",2,2022,2129,0,194.902.696,1,1,0,,,,,,,,,,,
Satellite,"Pop, Indie Pop",Harry Styles,1,2022,3291,5,311.482.393,28,0,208,,,,,,,,,,,
Pass The Dutchie,"Reggae, Ska",Musical Youth,1,1982,5328,0,195.918.494,76,0,0,,,,,,,,,,,
"Villano Antillano: Bzrp Music Sessions, Vol. 51",Latin trap,"Bizarrap, Villano Antillano",2,2022,1401,0,248.511.839,16,0,1,,,,,,,,,,,
Love Of My Life,"Pop Rock, soft Rock",Harry Styles,1,2022,1933,0,233.671.263,2,0,0,,,,,,,,,,,
Grapejuice,"Pop Rock, soft Rock",Harry Styles,1,2022,1986,0,199.587.884,1,0,0,,,,,,,,,,,
So Good,"Pop, electroPop",Halsey,1,2022,1057,0,91.781.263,14,0,0,,,,,,,,,,,
Belly Dancer,"Electronic dance music, dance Pop, Middle Eastern Pop","BYOR, Imanbek",2,2022,5115,13,383.835.984,38,1,33,,,,,,,,,,,
Keep Driving,"Pop Rock, soft Rock",Harry Styles,1,2022,2094,1,236.060.709,1,0,0,,,,,,,,,,,
Cinema,"Pop Rock, soft Rock",Harry Styles,1,2022,2171,0,189.236.868,1,0,0,,,,,,,,,,,
Die Young (feat. 347aidan),"Pop Rap, emo Rap","Sleepy hallow, 347aidan",2,2022,896,0,160.845.341,0,0,0,,,,,,,,,,,
Only Love Can Hurt Like This,"Pop, soul",Paloma Faith,1,2014,5148,0,588.955.257,22,0,114,,,,,,,,,,,
Hold My Hand,"Pop, dance Pop",Lady Gaga,1,2022,2528,0,238.350.348,8,2,105,,,,,,,,,,,
Daydreaming,"Pop Rock, soft Rock",Harry Styles,1,2022,1900,1,187.703.102,1,0,0,,,,,,,,,,,
Numb,"Pop, electronic dance music","Marshmello, Khalid",2,2022,3879,2,295.307.001,76,1,9,,,,,,,,,,,
Nos Comemos (feat. Ozuna),"Latin pop, Reggaeton","Ozuna, Tiago pzk",2,2022,896,0,138.334.433,0,0,0,,,,,,,,,,,
Me and Your Mama,"Funk, hip hop, soul",Childish Gambino,1,2016,8775,0,445.590.495,60,1,0,,,,,,,,,,,
Crazy What Love Can Do,"Pop, dance Pop, electronic dance music","David Guetta, Ella Henderson, Becky Hill",3,2022,5290,0,286.739.476,73,0,5,,,,,,,,,,,
SLOW DANCING IN THE DARK,"R&B, alternative R&B, electronic",Joji,1,2018,10211,0,1.122.364.376,79,0,1,,,,,,,,,,,
Antes de Perderte,"Latin trap, Reggaeton",Duki,1,2022,584,8,157.136.970,1,0,1,,,,,,,,,,,
Boyfriends,"Pop Rock, soft Rock",Harry Styles,1,2022,1517,0,137.070.925,2,0,0,,,,,,,,,,,
295,"Hip hop, Punjabi hip hop",Sidhu Moose Wala,1,2021,246,4,183.273.246,106,0,7,,,,,,,,,,,
Tak Ingin Usai,Pop,Keisya Levronka,1,2022,220,4,184.807.630,5,0,6,,,,,,,,,,,
En El Radio Un Cochinero,Reggaeton,Victor Cibrian,1,2022,514,0,164.856.284,36,0,0,,,,,,,,,,,
Master of Puppets (Remastered),"Heavy metal, thrash metal",Metallica,1,1986,6080,0,704.171.068,198,1,0,,,,,,,,,,,
BREAK MY SOUL,"Dance Pop, house",Beyonce,1,2022,9724,0,354.614.964,61,14,2,,,,,,,,,,,
ULTRA SOLO REMIX,Latin,"De La Ghetto, Feid, Polima WestCoast, Paloma Mami, Pailita",5,2022,2341,0,279.717.388,2,2,0,,,,,,,,,,,
Massive,Hip hop,Drake,1,2022,5263,0,195.628.667,89,0,11,,,,,,,,,,,
Betty (Get Money),Pop,Yung Gravy,1,2022,2402,0,221.752.937,2,0,1,,,,,,,,,,,
Ojos Marrones,Latin,Lasso,1,2022,795,11,263.280.370,18,1,4,,,,,,,,,,,
POP!,K-Pop,Nayeon,1,2022,571,0,213.505.179,21,0,2,,,,,,,,,,,
Layla,Electronic dance music (EDM),DJ Robin x Schürze,2,2022,832,3,130.419.412,124,1,0,,,,,,,,,,,
MORE,K-Pop,j-hope,1,2022,565,0,155.795.783,52,0,0,,,,,,,,,,,
Sweet Child O' Mine,Rock,Guns N' Roses,1,1987,41231,1,1.553.497.987,151,3,99,,,,,,,,,,,
Last Last,Afrobeats,Burna Boy,1,2022,4526,12,293.466.523,275,3,128,,,,,,,,,,,
SNAP,Pop,Rosa Linn,1,2022,1818,0,711.366.595,0,0,353,,,,,,,,,,,
Sticky,Hip hop,Drake,1,2022,2814,0,191.448.892,105,0,2,,,,,,,,,,,
Hot Shit (feat. Ye & Lil Durk),"Hip hop, Rap","Kanye West, Lil Durk, Cardi B",3,2022,1601,0,85.924.992,0,0,0,,,,,,,,,,,
Ai Preto,Rock,"L7nnon, DJ Biel do Furduncinho, Bianca",3,2022,894,4,176.103.902,0,0,0,,,,,,,,,,,
La Loto,Latin,"Anitta, Tini, Becky G",3,2022,945,0,121.189.256,3,0,0,,,,,,,,,,,
die first,Pop,Nessa Barrett,1,2022,767,0,131.746.175,0,0,0,,,,,,,,,,,
Afraid To Feel,Electronic dance music (EDM),LF System,1,2022,5898,5,244.790.012,55,0,101,,,,,,,,,,,
Baile no Morro,Latin,"Mc Vitin Da Igrejinha, MC Tairon, DJ Win",3,2022,685,2,129.314.708,0,0,30,,,,,,,,,,,
como dormiste?,Pop,Rels B,1,2022,1452,35,331.511.413,15,0,0,,,,,,,,,,,
Bad Decisions (with BTS & Snoop Dogg),Pop,"Snoop Dogg, BTS, Benny Blanco",3,2022,1456,0,219.196.651,2,0,0,,,,,,,,,,,
STAYING ALIVE (feat. Drake & Lil Baby),Pop,"Drake, DJ Khaled, Lil Baby",3,2022,2107,0,170.732.845,1,0,0,,,,,,,,,,,
Caile,Latin,Luar La L,1,2020,1494,2,273.914.335,12,0,0,,,,,,,,,,,
Castigo,Latin,Feid,1,2022,1379,4,179.061.440,10,0,0,,,,,,,,,,,
GIVENCHY,Pop,Duki,1,2022,625,4,185.236.961,18,0,0,,,,,,,,,,,
ALIEN SUPERSTAR,Pop,Beyonce,1,2022,2688,0,171.788.484,47,0,0,,,,,,,,,,,
Mary On A Cross,Rock,Ghost,1,2019,2668,2,387.080.183,266,0,141,,,,,,,,,,,
Attention,K-Pop,NewJeans,1,2022,799,12,264.717.480,141,0,1,,,,,,,,,,,
THE SHADE,Indie Rock,Rex Orange County,1,2022,1189,6,244.928.911,10,0,4,,,,,,,,,,,
"Come Back Home - From ""Purple Hearts""",Country Pop,Sofia Carson,1,2022,367,0,97.610.446,67,0,0,,,,,,,,,,,
El Rescate,Latin pop,"Grupo Marca Registrada, Junior H",2,2022,527,4,287.278.853,43,1,0,,,,,,,,,,,
Heartless,Pop,Kanye West,1,2008,17504,34,887.906.111,39,0,2,,,,,,,,,,,
"Stay With Me (with Justin Timberlake, Halsey, & Pharrell)",Pop,"Calvin Harris, Halsey, Pharrell Williams, Justin Timberlake",4,2022,3113,0,123.473.120,6,1,0,,,,,,,,,,,
Siempre Pendientes,Latin pop,"Peso Pluma, Luis R Conriquez",2,2022,685,5,295.152.154,79,2,0,,,,,,,,,,,
JGL,Latin pop,"Luis R Conriquez, La Adictiva",2,2022,782,9,323.455.692,33,1,0,,,,,,,,,,,
Don't You Worry,Pop,"David Guetta, Shakira, Black Eyed Peas",3,2022,2442,0,240.918.092,4,1,6,,,,,,,,,,,
Pipoco,Funk carioca,"Melody, Ana Castela, Dj Chris No Beat",3,2022,1112,4,191.873.381,2,1,3,,,,,,,,,,,
Hold Me Closer,Pop,"Elton John, Britney Spears",2,2017,4967,0,284.216.603,10,4,73,,,,,,,,,,,
Forget Me,Pop,Lewis Capaldi,1,2022,2520,4,239.411.309,95,9,202,,,,,,,,,,,
After LIKE,K-Pop,IVE,1,2022,767,12,265.548.837,129,0,12,,,,,,,,,,,
Bound 2,Hip hop,Kanye West,1,2013,19806,7,703.301.727,11,0,0,,,,,,,,,,,
B.O.T.A. (Baddest Of Them All) - Edit,Hip hop,"Interplanetary Criminal, Eliza Rose",2,2022,5153,6,244.585.109,53,12,0,,,,,,,,,,,
Talk that Talk,K-Pop,TWICE,1,2022,615,0,189.476.119,77,1,2,,,,,,,,,,,
BILLIE EILISH.,Pop,Armani White,1,2022,2537,0,277.132.266,1,11,1,,,,,,,,,,,
Ferxxo 100,Latin pop,Feid,1,2022,1647,30,278.920.007,49,2,2,,,,,,,,,,,
KU LO SA - A COLORS SHOW,Afrobeats,Oxlade,1,2022,2019,8,222.410.722,72,1,7,,,,,,,,,,,
Prohibidox,Latin pop,Feid,1,2022,1473,12,185.392.587,36,1,0,,,,,,,,,,,
Static,Rock,Steve Lacy,1,2022,1613,0,202.452.860,15,0,0,,,,,,,,,,,
The Scientist,Rock,Coldplay,1,2002,30992,6,1.608.164.312,25,1,0,,,,,,,,,,,
Sparks,Rock,Coldplay,1,2000,10826,4,624.101.957,0,0,0,,,,,,,,,,,
Talk,Hip hop,YEAT,1,2022,920,0,148.461.629,1,0,0,,,,,,,,,,,
Yandel 150,Latin pop,"Yandel, Feid",2,2022,308,0,47.093.942,1,0,0,,,,,,,,,,,
Selfish,Hip hop,PnB Rock,1,2016,2468,0,380.319.238,0,0,0,,,,,,,,,,,
Sin Senal,Latin pop,"Ovy On The Drums, Quevedo",2,2022,1097,2,209.106.362,10,1,1,,,,,,,,,,,
Lady Mi Amor,Latin pop,Feid,1,2022,330,0,53.987.404,0,0,0,,,,,,,,,,,
Poland,Hip hop,Lil Yachty,1,2022,1584,0,115.331.792,0,0,0,,,,,,,,,,,
THE LONELIEST,Pop,,1,2022,1585,5,225.093.344,65,1,198,,,,,,,,,,,
Bye Bye,Pop,"Marshmello, Juice WRLD",2,2022,766,0,84.697.729,0,0,0,,,,,,,,,,,
BABY OTAKU,Latin pop,"Fran C, Polima WestCoast, Nickoog Clk, Pablito Pesadilla",4,2022,836,0,159.240.673,1,0,0,,,,,,,,,,,
Nxde,Pop,(G)I-DLE,1,2022,430,6,170.709.584,116,0,11,,,,,,,,,,,
Miss You,Pop,Southstar,1,1982,2020,0,154.356.956,10,0,40,,,,,,,,,,,
we fell in love in october,Pop,girl in red,1,2018,6858,0,723.043.854,21,0,4,,,,,,,,,,,
2 Be Loved (Am I Ready),Pop,Lizzo,1,2022,3682,6,247.689.123,0,2,68,,,,,,,,,,,
Celestial,Pop,Ed Sheeran,1,2022,1639,0,176.474.912,14,0,37,,,,,,,,,,,
Typa Girl,Pop,BLACKPINK,1,2022,452,10,235.549.288,129,0,1,,,,,,,,,,,
I Really Want to Stay at Your House,Pop,"Rosa Walton, Hallie Coggins",2,2020,668,1,140.430.339,0,0,,,,,,,,,,,,
California Breeze,Hip hop,Lil Baby,1,2022,991,0,85.559.365,38,0,3,,,,,,,,,,,
Bamba (feat. Aitch & BIA),Hip hop,"Luciano, Aitch, BIA",3,2022,869,7,146.223.492,12,2,28,,,,,,,,,,,
Casei Com a Putaria,Funk,"MC Ryan SP, Love Funk, Mc Paiva ZS",3,2022,648,4,187.701.588,0,0,0,,,,,,,,,,,
Major Distribution,Hip hop,"Drake, 21 Savage",2,2022,1545,0,154.863.153,7,0,0,,,,,,,,,,,
Vigilante Shit,Pop,Taylor Swift,1,2022,1948,0,253.650.850,9,0,0,,,,,,,,,,,
Question...?,Pop,Taylor Swift,1,2022,1608,0,223.064.273,3,0,0,,,,,,,,,,,
On BS,Hip hop,"Drake, 21 Savage",2,2022,1338,0,170.413.877,20,0,0,,,,,,,,,,,
Mastermind,Pop,Taylor Swift,1,2022,1936,0,218.320.587,5,0,0,,,,,,,,,,,
Circo Loco,Hip hop,"Drake, 21 Savage",2,2022,1794,0,141.720.999,9,0,3,,,,,,,,,,,
Labyrinth,Pop,Taylor Swift,1,2022,1597,0,187.339.835,3,0,0,,,,,,,,,,,
Spin Bout U,Hip hop,"Drake, 21 Savage",2,2022,1652,2,198.365.537,52,0,95,,,,,,,,,,,
Sweet Nothing,Pop,Taylor Swift,1,2022,1747,0,186.104.310,6,0,2,,,,,,,,,,,
"Would've, Could've, Should've",Pop,Taylor Swift,1,2022,1715,0,177.503.916,5,0,0,,,,,,,,,,,
Con La Brisa,Latin pop,"Ludwig Goransson, Foudeqush",2,2022,486,0,71.095.708,1,0,0,,,,,,,,,,,
Privileged Rappers,Hip hop,"Drake, 21 Savage",2,2022,1007,0,112.436.403,5,0,0,,,,,,,,,,,
The Astronaut,Pop,Jin,1,2022,481,9,203.436.468,100,1,27,,,,,,,,,,,
BackOutsideBoyz,Hip hop,Drake,1,2022,1045,0,93.367.537,5,0,0,,,,,,,,,,,
Broke Boys,Hip hop,"Drake, 21 Savage",2,2022,1060,0,106.249.219,8,0,0,,,,,,,,,,,
The Great War,Pop,Taylor Swift,1,2022,1274,0,181.382.590,6,0,0,,,,,,,,,,,
My Mind & Me,Pop,Selena Gomez,1,2022,953,0,91.473.363,13,1,0,,,,,,,,,,,
Bigger Than The Whole Sky,Pop,Taylor Swift,1,2022,1180,0,121.871.870,0,0,0,,,,,,,,,,,
A Veces (feat. Feid),Latin pop,"Feid, Paulo Londra",2,2022,573,0,73.513.683,0,0,0,,,,,,,,,,,
En La De Ella,Latin pop,"Feid, Sech, Jhayco",3,2022,1320,0,133.895.612,26,0,0,,,,,,,,,,,
Alone,Afrobeats,Burna Boy,1,2022,782,2,96.007.391,18,1,0,,,,,,,,,,,
